type,tycod,typ_eng,sub_tycod,sub_eng,year
ABAN===>>>,ABAN,ABANDONED CALL,===>>>,PICK A SUB-TYPE,2015
ABAN===>>>,ABAN,ABANDONED CALL,===>>>,PICK A SUB-TYPE,2016
ABAN===>>>,ABAN,ABANDONED CALL,===>>>,PICK A SUB-TYPE,2017
ABAN===>>>,ABAN,ABANDONED CALL,===>>>,PICK A SUB-TYPE,2018
ABANBU,ABAN,ABANDONED CALL,BU,FROM A BUSINESS,2015
ABANBU,ABAN,ABANDONED CALL,BU,FROM A BUSINESS,2016
ABANBU,ABAN,ABANDONED CALL,BU,FROM A BUSINESS,2017
ABANBU,ABAN,ABANDONED CALL,BU,FROM A BUSINESS,2018
ABANCELL,ABAN,ABANDONED CALL,CELL,CELLULAR PHONE,2015
ABANCELL,ABAN,ABANDONED CALL,CELL,CELLULAR PHONE,2016
ABANCELL,ABAN,ABANDONED CALL,CELL,CELLULAR PHONE,2017
ABANCELL,ABAN,ABANDONED CALL,CELL,CELLULAR PHONE,2018
ABANINCCAL,ABAN,ABANDONED CALL,INCCAL,INCOMPLETE CALL,2015
ABANINCCAL,ABAN,ABANDONED CALL,INCCAL,INCOMPLETE CALL,2016
ABANINCCAL,ABAN,ABANDONED CALL,INCCAL,INCOMPLETE CALL,2017
ABANINCCAL,ABAN,ABANDONED CALL,INCCAL,INCOMPLETE CALL,2018
ABANPH,ABAN,ABANDONED CALL,PH,FROM A PAYPHONE,2015
ABANPH,ABAN,ABANDONED CALL,PH,FROM A PAYPHONE,2016
ABANPH,ABAN,ABANDONED CALL,PH,FROM A PAYPHONE,2017
ABANPH,ABAN,ABANDONED CALL,PH,FROM A PAYPHONE,2018
ABANRE,ABAN,ABANDONED CALL,RE,FROM A RESIDENCE,2015
ABANRE,ABAN,ABANDONED CALL,RE,FROM A RESIDENCE,2016
ABANRE,ABAN,ABANDONED CALL,RE,FROM A RESIDENCE,2017
ABANRE,ABAN,ABANDONED CALL,RE,FROM A RESIDENCE,2018
ABANSILCAL,ABAN,ABANDONED CALL,SILCAL,SILENT CALL,2015
ABANSILCAL,ABAN,ABANDONED CALL,SILCAL,SILENT CALL,2016
ABANSILCAL,ABAN,ABANDONED CALL,SILCAL,SILENT CALL,2017
ABANSILCAL,ABAN,ABANDONED CALL,SILCAL,SILENT CALL,2018
ABDWRPT,AB,ASSAULT AND BATTERY,DWRPT,DEADLY WEAPON REPORT,2015
ABDWRPT,AB,ASSAULT AND BATTERY,DWRPT,DEADLY WEAPON REPORT,2016
ABDWRPT,AB,ASSAULT AND BATTERY,DWRPT,DEADLY WEAPON REPORT,2017
ABDWRPT,AB,ASSAULT AND BATTERY,DWRPT,DEADLY WEAPON REPORT,2018
ADMRPTDEFAULT,ADMRPT,ADMIN REPORT,DEFAULT,NA,2015
ADMRPTDEFAULT,ADMRPT,ADMIN REPORT,DEFAULT,NA,2016
ADMRPTDEFAULT,ADMRPT,ADMIN REPORT,DEFAULT,NA,2017
ADMRPTDEFAULT,ADMRPT,ADMIN REPORT,DEFAULT,NA,2018
ADVISEDDEFAULT,ADVISED,ADVISED INCIDENT,DEFAULT,NA,2015
ADVISEDDEFAULT,ADVISED,ADVISED INCIDENT,DEFAULT,NA,2016
ADVISEDDEFAULT,ADVISED,ADVISED INCIDENT,DEFAULT,NA,2017
ADVISEDDEFAULT,ADVISED,ADVISED INCIDENT,DEFAULT,NA,2018
ALARM===>>>,ALARM,ALARM,===>>>,PICK A SUB-TYPE,2015
ALARM===>>>,ALARM,ALARM,===>>>,PICK A SUB-TYPE,2016
ALARM===>>>,ALARM,ALARM,===>>>,PICK A SUB-TYPE,2017
ALARM===>>>,ALARM,ALARM,===>>>,PICK A SUB-TYPE,2018
ALARMALARMM,ALARM,ALARM,ALARMM,MEDICAL   (E) (F) (P),2015
ALARMALARMM,ALARM,ALARM,ALARMM,MEDICAL   (E) (F) (P),2016
ALARMALARMM,ALARM,ALARM,ALARMM,MEDICAL   (E) (F) (P),2017
ALARMALARMM,ALARM,ALARM,ALARMM,MEDICAL   (E) (F) (P),2018
ALARMAUDIBLE,ALARM,ALARM,AUDIBLE,AUDIBLE - UNKOWN IN NATURE,2015
ALARMAUDIBLE,ALARM,ALARM,AUDIBLE,AUDIBLE - UNKOWN IN NATURE,2016
ALARMAUDIBLE,ALARM,ALARM,AUDIBLE,AUDIBLE - UNKOWN IN NATURE,2017
ALARMAUDIBLE,ALARM,ALARM,AUDIBLE,AUDIBLE - UNKOWN IN NATURE,2018
ALARMB,ALARM,ALARM,B,BANK,2015
ALARMB,ALARM,ALARM,B,BANK,2016
ALARMB,ALARM,ALARM,B,BANK,2017
ALARMB,ALARM,ALARM,B,BANK,2018
ALARMC,ALARM,ALARM,C,COMMERCIAL,2015
ALARMC,ALARM,ALARM,C,COMMERCIAL,2016
ALARMC,ALARM,ALARM,C,COMMERCIAL,2017
ALARMC,ALARM,ALARM,C,COMMERCIAL,2018
ALARMCITY,ALARM,ALARM,CITY,CITY BUILDING/SCHOOL,2015
ALARMCITY,ALARM,ALARM,CITY,CITY BUILDING/SCHOOL,2016
ALARMCITY,ALARM,ALARM,CITY,CITY BUILDING/SCHOOL,2017
ALARMCITY,ALARM,ALARM,CITY,CITY BUILDING/SCHOOL,2018
ALARMH,ALARM,ALARM,H,HOLDUP,2015
ALARMH,ALARM,ALARM,H,HOLDUP,2016
ALARMH,ALARM,ALARM,H,HOLDUP,2017
ALARMH,ALARM,ALARM,H,HOLDUP,2018
ALARMINVEST,ALARM,ALARM,INVEST,INVEST A PERSON'S WELL-BEING   (E) (P),2015
ALARMINVEST,ALARM,ALARM,INVEST,INVEST A PERSON'S WELL-BEING   (E) (P),2016
ALARMINVEST,ALARM,ALARM,INVEST,INVEST A PERSON'S WELL-BEING   (E) (P),2017
ALARMINVEST,ALARM,ALARM,INVEST,INVEST A PERSON'S WELL-BEING   (E) (P),2018
ALARMMEDICAL,ALARM,ALARM,MEDICAL,MEDICAL   (E) (F) (P),2015
ALARMMEDICAL,ALARM,ALARM,MEDICAL,MEDICAL   (E) (F) (P),2016
ALARMMEDICAL,ALARM,ALARM,MEDICAL,MEDICAL   (E) (F) (P),2017
ALARMMEDICAL,ALARM,ALARM,MEDICAL,MEDICAL   (E) (F) (P),2018
ALARMPANIC,ALARM,ALARM,PANIC,PANIC/DURESS,2015
ALARMPANIC,ALARM,ALARM,PANIC,PANIC/DURESS,2016
ALARMPANIC,ALARM,ALARM,PANIC,PANIC/DURESS,2017
ALARMPANIC,ALARM,ALARM,PANIC,PANIC/DURESS,2018
ALARMR,ALARM,ALARM,R,RESIDENTIAL,2015
ALARMR,ALARM,ALARM,R,RESIDENTIAL,2016
ALARMR,ALARM,ALARM,R,RESIDENTIAL,2017
ALARMR,ALARM,ALARM,R,RESIDENTIAL,2018
ALARMX,ALARM,ALARM,X,CANCELLATION,2015
ALARMX,ALARM,ALARM,X,CANCELLATION,2016
ALARMX,ALARM,ALARM,X,CANCELLATION,2017
ALARMX,ALARM,ALARM,X,CANCELLATION,2018
AODDEFAULT,AOD,ASSIST OUTSIDE DEPARTMENT,DEFAULT,NA,2015
AODDEFAULT,AOD,ASSIST OUTSIDE DEPARTMENT,DEFAULT,NA,2016
AODDEFAULT,AOD,ASSIST OUTSIDE DEPARTMENT,DEFAULT,NA,2017
AODDEFAULT,AOD,ASSIST OUTSIDE DEPARTMENT,DEFAULT,NA,2018
ARRESTDEFAULT,ARREST,ARREST REPORT,DEFAULT,NA,2015
ARRESTDEFAULT,ARREST,ARREST REPORT,DEFAULT,NA,2016
ARRESTDEFAULT,ARREST,ARREST REPORT,DEFAULT,NA,2017
ARRESTDEFAULT,ARREST,ARREST REPORT,DEFAULT,NA,2018
ASLTIPDEFAULT,ASLTIP,ASSAULT IN PROGRESS,DEFAULT,NA,2015
ASLTIPDEFAULT,ASLTIP,ASSAULT IN PROGRESS,DEFAULT,NA,2016
ASLTIPDEFAULT,ASLTIP,ASSAULT IN PROGRESS,DEFAULT,NA,2017
ASLTIPDEFAULT,ASLTIP,ASSAULT IN PROGRESS,DEFAULT,NA,2018
ASSTPODEFAULT,ASSTPO,ASSIST POLICE OFFICER,DEFAULT,NA,2015
ASSTPODEFAULT,ASSTPO,ASSIST POLICE OFFICER,DEFAULT,NA,2016
ASSTPODEFAULT,ASSTPO,ASSIST POLICE OFFICER,DEFAULT,NA,2017
ASSTPODEFAULT,ASSTPO,ASSIST POLICE OFFICER,DEFAULT,NA,2018
ASTEMSDEFAULT,ASTEMS,ASSIST EMS OFFICIALS ONSCENE   (E) (P),DEFAULT,NA,2015
ASTEMSDEFAULT,ASTEMS,ASSIST EMS OFFICIALS ONSCENE   (E) (P),DEFAULT,NA,2016
ASTEMSDEFAULT,ASTEMS,ASSIST EMS OFFICIALS ONSCENE   (E) (P),DEFAULT,NA,2017
ASTEMSDEFAULT,ASTEMS,ASSIST EMS OFFICIALS ONSCENE   (E) (P),DEFAULT,NA,2018
BE===>>>,BE,BREAKING AND ENTERING,===>>>,PICK A SUB-TYPE,2015
BE===>>>,BE,BREAKING AND ENTERING,===>>>,PICK A SUB-TYPE,2016
BE===>>>,BE,BREAKING AND ENTERING,===>>>,PICK A SUB-TYPE,2017
BE===>>>,BE,BREAKING AND ENTERING,===>>>,PICK A SUB-TYPE,2018
BEATTEMPT,BE,BREAKING AND ENTERING,ATTEMPT,ATTEMPT REPORT,2015
BEATTEMPT,BE,BREAKING AND ENTERING,ATTEMPT,ATTEMPT REPORT,2016
BEATTEMPT,BE,BREAKING AND ENTERING,ATTEMPT,ATTEMPT REPORT,2017
BEATTEMPT,BE,BREAKING AND ENTERING,ATTEMPT,ATTEMPT REPORT,2018
BEMVIP,BE,BREAKING AND ENTERING,MVIP,TO A MOTOR VEHICLE IN PROGESS,2015
BEMVIP,BE,BREAKING AND ENTERING,MVIP,TO A MOTOR VEHICLE IN PROGESS,2016
BEMVIP,BE,BREAKING AND ENTERING,MVIP,TO A MOTOR VEHICLE IN PROGESS,2017
BEMVIP,BE,BREAKING AND ENTERING,MVIP,TO A MOTOR VEHICLE IN PROGESS,2018
BEMVRPT,BE,BREAKING AND ENTERING,MVRPT,TO A MOTOR VEHICLE REPORT,2015
BEMVRPT,BE,BREAKING AND ENTERING,MVRPT,TO A MOTOR VEHICLE REPORT,2016
BEMVRPT,BE,BREAKING AND ENTERING,MVRPT,TO A MOTOR VEHICLE REPORT,2017
BEMVRPT,BE,BREAKING AND ENTERING,MVRPT,TO A MOTOR VEHICLE REPORT,2018
BERPT,BE,BREAKING AND ENTERING,RPT,REPORT,2015
BERPT,BE,BREAKING AND ENTERING,RPT,REPORT,2016
BERPT,BE,BREAKING AND ENTERING,RPT,REPORT,2017
BERPT,BE,BREAKING AND ENTERING,RPT,REPORT,2018
BLEEDEXHEM1,BLEED,HEMORRHAGE   (E) (P) (F),EXHEM1,EXTERNAL HEMORRHAGE,2015
BLEEDEXHEM1,BLEED,HEMORRHAGE   (E) (P) (F),EXHEM1,EXTERNAL HEMORRHAGE,2016
BLEEDEXHEM1,BLEED,HEMORRHAGE   (E) (P) (F),EXHEM1,EXTERNAL HEMORRHAGE,2017
BLEEDEXHEM1,BLEED,HEMORRHAGE   (E) (P) (F),EXHEM1,EXTERNAL HEMORRHAGE,2018
BOLO===>>>,BOLO,BOLO,===>>>,PICK A SUB-TYPE,2015
BOLO===>>>,BOLO,BOLO,===>>>,PICK A SUB-TYPE,2016
BOLO===>>>,BOLO,BOLO,===>>>,PICK A SUB-TYPE,2017
BOLO===>>>,BOLO,BOLO,===>>>,PICK A SUB-TYPE,2018
BOLOPOLICE,BOLO,BOLO,POLICE,GENERAL BROADCAST,2015
BOLOPOLICE,BOLO,BOLO,POLICE,GENERAL BROADCAST,2016
BOLOPOLICE,BOLO,BOLO,POLICE,GENERAL BROADCAST,2017
BOLOPOLICE,BOLO,BOLO,POLICE,GENERAL BROADCAST,2018
BOLOSILVER,BOLO,BOLO,SILVER,ELDERLY,2015
BOLOSILVER,BOLO,BOLO,SILVER,ELDERLY,2016
BOLOSILVER,BOLO,BOLO,SILVER,ELDERLY,2017
BOLOSILVER,BOLO,BOLO,SILVER,ELDERLY,2018
BOMB===>>>,BOMB,BOMB,===>>>,PICK A SUB-TYPE,2015
BOMB===>>>,BOMB,BOMB,===>>>,PICK A SUB-TYPE,2016
BOMB===>>>,BOMB,BOMB,===>>>,PICK A SUB-TYPE,2017
BOMB===>>>,BOMB,BOMB,===>>>,PICK A SUB-TYPE,2018
BOMBBOMBT,BOMB,BOMB,BOMBT,BOMB THREAT    (P) (E) (F),2015
BOMBBOMBT,BOMB,BOMB,BOMBT,BOMB THREAT    (P) (E) (F),2016
BOMBBOMBT,BOMB,BOMB,BOMBT,BOMB THREAT    (P) (E) (F),2017
BOMBBOMBT,BOMB,BOMB,BOMBT,BOMB THREAT    (P) (E) (F),2018
BOMBEXPLOS,BOMB,BOMB,EXPLOS,EXPLOSION OF BOMB    (P) (E) (F),2015
BOMBEXPLOS,BOMB,BOMB,EXPLOS,EXPLOSION OF BOMB    (P) (E) (F),2016
BOMBEXPLOS,BOMB,BOMB,EXPLOS,EXPLOSION OF BOMB    (P) (E) (F),2017
BOMBEXPLOS,BOMB,BOMB,EXPLOS,EXPLOSION OF BOMB    (P) (E) (F),2018
BOMBFOUND,BOMB,BOMB,FOUND,BOMB REMOVAL OR FOUND DEVICE    (P) (E) (F),2015
BOMBFOUND,BOMB,BOMB,FOUND,BOMB REMOVAL OR FOUND DEVICE    (P) (E) (F),2016
BOMBFOUND,BOMB,BOMB,FOUND,BOMB REMOVAL OR FOUND DEVICE    (P) (E) (F),2017
BOMBFOUND,BOMB,BOMB,FOUND,BOMB REMOVAL OR FOUND DEVICE    (P) (E) (F),2018
BOMBTHREAT,BOMB,BOMB,THREAT,BOMB THREAT    (P) (E) (F),2015
BOMBTHREAT,BOMB,BOMB,THREAT,BOMB THREAT    (P) (E) (F),2016
BOMBTHREAT,BOMB,BOMB,THREAT,BOMB THREAT    (P) (E) (F),2017
BOMBTHREAT,BOMB,BOMB,THREAT,BOMB THREAT    (P) (E) (F),2018
BURN===>>>,BURN,BURNS,===>>>,PICK A SUB-TYPE,2015
BURN===>>>,BURN,BURNS,===>>>,PICK A SUB-TYPE,2016
BURN===>>>,BURN,BURNS,===>>>,PICK A SUB-TYPE,2017
BURN===>>>,BURN,BURNS,===>>>,PICK A SUB-TYPE,2018
BURN1,BURN,BURNS,1,MAJOR BURNS / ELECTRICAL SHOCK   (E) (F) (P),2015
BURN1,BURN,BURNS,1,MAJOR BURNS / ELECTRICAL SHOCK   (E) (F) (P),2016
BURN1,BURN,BURNS,1,MAJOR BURNS / ELECTRICAL SHOCK   (E) (F) (P),2017
BURN1,BURN,BURNS,1,MAJOR BURNS / ELECTRICAL SHOCK   (E) (F) (P),2018
BUYBACKDEFAULT,BUYBACK,GUN BUY BACK PROGRAM,DEFAULT,NA,2015
BUYBACKDEFAULT,BUYBACK,GUN BUY BACK PROGRAM,DEFAULT,NA,2016
BUYBACKDEFAULT,BUYBACK,GUN BUY BACK PROGRAM,DEFAULT,NA,2017
BUYBACKDEFAULT,BUYBACK,GUN BUY BACK PROGRAM,DEFAULT,NA,2018
CARDIAC===>>>,CARDIAC,CARDIAC EVENT,===>>>,PICK A SUB-TYPE,2015
CARDIAC===>>>,CARDIAC,CARDIAC EVENT,===>>>,PICK A SUB-TYPE,2016
CARDIAC===>>>,CARDIAC,CARDIAC EVENT,===>>>,PICK A SUB-TYPE,2017
CARDIAC===>>>,CARDIAC,CARDIAC EVENT,===>>>,PICK A SUB-TYPE,2018
CARDIACARREST,CARDIAC,CARDIAC EVENT,ARREST,CARDIAC ARREST   (E) (F) (P),2015
CARDIACARREST,CARDIAC,CARDIAC EVENT,ARREST,CARDIAC ARREST   (E) (F) (P),2016
CARDIACARREST,CARDIAC,CARDIAC EVENT,ARREST,CARDIAC ARREST   (E) (F) (P),2017
CARDIACARREST,CARDIAC,CARDIAC EVENT,ARREST,CARDIAC ARREST   (E) (F) (P),2018
CARDIACCARST,CARDIAC,CARDIAC EVENT,CARST,CARDIAC ARREST   (E) (F) (P),2015
CARDIACCARST,CARDIAC,CARDIAC EVENT,CARST,CARDIAC ARREST   (E) (F) (P),2016
CARDIACCARST,CARDIAC,CARDIAC EVENT,CARST,CARDIAC ARREST   (E) (F) (P),2017
CARDIACCARST,CARDIAC,CARDIAC EVENT,CARST,CARDIAC ARREST   (E) (F) (P),2018
CARJAKDEFAULT,CARJAK,CARJACKING,DEFAULT,NA,2015
CARJAKDEFAULT,CARJAK,CARJACKING,DEFAULT,NA,2016
CARJAKDEFAULT,CARJAK,CARJACKING,DEFAULT,NA,2017
CARJAKDEFAULT,CARJAK,CARJACKING,DEFAULT,NA,2018
CD11DEFAULT,CD11,WARRANT SERVICE,DEFAULT,NA,2015
CD11DEFAULT,CD11,WARRANT SERVICE,DEFAULT,NA,2016
CD11DEFAULT,CD11,WARRANT SERVICE,DEFAULT,NA,2017
CD11DEFAULT,CD11,WARRANT SERVICE,DEFAULT,NA,2018
CD12DEFAULT,CD12,WARRANT PICKUP,DEFAULT,NA,2015
CD12DEFAULT,CD12,WARRANT PICKUP,DEFAULT,NA,2016
CD12DEFAULT,CD12,WARRANT PICKUP,DEFAULT,NA,2017
CD12DEFAULT,CD12,WARRANT PICKUP,DEFAULT,NA,2018
CD13DEFAULT,CD13,OUT OF CITY ASSIGNMENT,DEFAULT,NA,2015
CD13DEFAULT,CD13,OUT OF CITY ASSIGNMENT,DEFAULT,NA,2016
CD13DEFAULT,CD13,OUT OF CITY ASSIGNMENT,DEFAULT,NA,2017
CD13DEFAULT,CD13,OUT OF CITY ASSIGNMENT,DEFAULT,NA,2018
CD14DEFAULT,CD14,TOWING,DEFAULT,NA,2015
CD14DEFAULT,CD14,TOWING,DEFAULT,NA,2016
CD14DEFAULT,CD14,TOWING,DEFAULT,NA,2017
CD14DEFAULT,CD14,TOWING,DEFAULT,NA,2018
CD15DEFAULT,CD15,TRAFFIC ENFORCEMENT,DEFAULT,NA,2015
CD15DEFAULT,CD15,TRAFFIC ENFORCEMENT,DEFAULT,NA,2016
CD15DEFAULT,CD15,TRAFFIC ENFORCEMENT,DEFAULT,NA,2017
CD15DEFAULT,CD15,TRAFFIC ENFORCEMENT,DEFAULT,NA,2018
CD16DEFAULT,CD16,TAGGING,DEFAULT,NA,2015
CD16DEFAULT,CD16,TAGGING,DEFAULT,NA,2016
CD16DEFAULT,CD16,TAGGING,DEFAULT,NA,2017
CD16DEFAULT,CD16,TAGGING,DEFAULT,NA,2018
CD18DEFAULT,CD18,RANGE,DEFAULT,NA,2015
CD18DEFAULT,CD18,RANGE,DEFAULT,NA,2016
CD18DEFAULT,CD18,RANGE,DEFAULT,NA,2017
CD18DEFAULT,CD18,RANGE,DEFAULT,NA,2018
CD19DEFAULT,CD19,WALK AND TALK,DEFAULT,NA,2015
CD19DEFAULT,CD19,WALK AND TALK,DEFAULT,NA,2016
CD19DEFAULT,CD19,WALK AND TALK,DEFAULT,NA,2017
CD19DEFAULT,CD19,WALK AND TALK,DEFAULT,NA,2018
CD19FDEFAULT,CD19F,WALK & TALK (FIXED POST),DEFAULT,NA,2015
CD19FDEFAULT,CD19F,WALK & TALK (FIXED POST),DEFAULT,NA,2016
CD19FDEFAULT,CD19F,WALK & TALK (FIXED POST),DEFAULT,NA,2017
CD19FDEFAULT,CD19F,WALK & TALK (FIXED POST),DEFAULT,NA,2018
CD19IVDEFAULT,CD19IV,WALK AND TALK INVEST,DEFAULT,NA,2015
CD19IVDEFAULT,CD19IV,WALK AND TALK INVEST,DEFAULT,NA,2016
CD19IVDEFAULT,CD19IV,WALK AND TALK INVEST,DEFAULT,NA,2017
CD19IVDEFAULT,CD19IV,WALK AND TALK INVEST,DEFAULT,NA,2018
CD19RADEFAULT,CD19RA,WALK AND TALK RA,DEFAULT,NA,2015
CD19RADEFAULT,CD19RA,WALK AND TALK RA,DEFAULT,NA,2016
CD19RADEFAULT,CD19RA,WALK AND TALK RA,DEFAULT,NA,2017
CD19RADEFAULT,CD19RA,WALK AND TALK RA,DEFAULT,NA,2018
CD19SDEFAULT,CD19S,WALK & TALK SCHOOL,DEFAULT,NA,2015
CD19SDEFAULT,CD19S,WALK & TALK SCHOOL,DEFAULT,NA,2016
CD19SDEFAULT,CD19S,WALK & TALK SCHOOL,DEFAULT,NA,2017
CD19SDEFAULT,CD19S,WALK & TALK SCHOOL,DEFAULT,NA,2018
CD19TDEFAULT,CD19T,BOMB SQUAD CD19,DEFAULT,NA,2015
CD19TDEFAULT,CD19T,BOMB SQUAD CD19,DEFAULT,NA,2016
CD19TDEFAULT,CD19T,BOMB SQUAD CD19,DEFAULT,NA,2017
CD19TDEFAULT,CD19T,BOMB SQUAD CD19,DEFAULT,NA,2018
CD22DEFAULT,CD22,EMERGENCY SHELTER COVERAGE,DEFAULT,NA,2015
CD22DEFAULT,CD22,EMERGENCY SHELTER COVERAGE,DEFAULT,NA,2016
CD22DEFAULT,CD22,EMERGENCY SHELTER COVERAGE,DEFAULT,NA,2017
CD22DEFAULT,CD22,EMERGENCY SHELTER COVERAGE,DEFAULT,NA,2018
CD231,CD23,GUARDING PRISONER,1,NA,2015
CD231,CD23,GUARDING PRISONER,1,NA,2016
CD231,CD23,GUARDING PRISONER,1,NA,2017
CD231,CD23,GUARDING PRISONER,1,NA,2018
CD23DEFAULT,CD23,GUARDING PRISONER,DEFAULT,NA,2015
CD23DEFAULT,CD23,GUARDING PRISONER,DEFAULT,NA,2016
CD23DEFAULT,CD23,GUARDING PRISONER,DEFAULT,NA,2017
CD23DEFAULT,CD23,GUARDING PRISONER,DEFAULT,NA,2018
CD24DEFAULT,CD24,209A SERVICE,DEFAULT,NA,2015
CD24DEFAULT,CD24,209A SERVICE,DEFAULT,NA,2016
CD24DEFAULT,CD24,209A SERVICE,DEFAULT,NA,2017
CD24DEFAULT,CD24,209A SERVICE,DEFAULT,NA,2018
CD26DEFAULT,CD26,SPECIAL EVENT,DEFAULT,NA,2015
CD26DEFAULT,CD26,SPECIAL EVENT,DEFAULT,NA,2016
CD26DEFAULT,CD26,SPECIAL EVENT,DEFAULT,NA,2017
CD26DEFAULT,CD26,SPECIAL EVENT,DEFAULT,NA,2018
CD303ADEFAULT,CD303A,OFFICER DISCHARGED LESS THAN LETHAL WEAPON,DEFAULT,NA,2015
CD303ADEFAULT,CD303A,OFFICER DISCHARGED LESS THAN LETHAL WEAPON,DEFAULT,NA,2016
CD303ADEFAULT,CD303A,OFFICER DISCHARGED LESS THAN LETHAL WEAPON,DEFAULT,NA,2017
CD303ADEFAULT,CD303A,OFFICER DISCHARGED LESS THAN LETHAL WEAPON,DEFAULT,NA,2018
CD303BDEFAULT,CD303B,OFFICER DISCHARGE TASER,DEFAULT,NA,2015
CD303BDEFAULT,CD303B,OFFICER DISCHARGE TASER,DEFAULT,NA,2016
CD303BDEFAULT,CD303B,OFFICER DISCHARGE TASER,DEFAULT,NA,2017
CD303BDEFAULT,CD303B,OFFICER DISCHARGE TASER,DEFAULT,NA,2018
CD303DEFAULT,CD303,OFFICER DISCHARGE FIREARM,DEFAULT,NA,2015
CD303DEFAULT,CD303,OFFICER DISCHARGE FIREARM,DEFAULT,NA,2016
CD303DEFAULT,CD303,OFFICER DISCHARGE FIREARM,DEFAULT,NA,2017
CD303DEFAULT,CD303,OFFICER DISCHARGE FIREARM,DEFAULT,NA,2018
CD35DEFAULT,CD35,LICENSE CHECK,DEFAULT,NA,2015
CD35DEFAULT,CD35,LICENSE CHECK,DEFAULT,NA,2016
CD35DEFAULT,CD35,LICENSE CHECK,DEFAULT,NA,2017
CD35DEFAULT,CD35,LICENSE CHECK,DEFAULT,NA,2018
CD4DEFAULT,CD4,FEMALE PRISONER TANSPORT,DEFAULT,NA,2015
CD4DEFAULT,CD4,FEMALE PRISONER TANSPORT,DEFAULT,NA,2016
CD4DEFAULT,CD4,FEMALE PRISONER TANSPORT,DEFAULT,NA,2017
CD4DEFAULT,CD4,FEMALE PRISONER TANSPORT,DEFAULT,NA,2018
CD55DEFAULT,CD55,ONLINE TRAINING,DEFAULT,NA,2015
CD55DEFAULT,CD55,ONLINE TRAINING,DEFAULT,NA,2016
CD55DEFAULT,CD55,ONLINE TRAINING,DEFAULT,NA,2017
CD55DEFAULT,CD55,ONLINE TRAINING,DEFAULT,NA,2018
CD5DEFAULT,CD5,PRISONER TRANSPORT,DEFAULT,NA,2015
CD5DEFAULT,CD5,PRISONER TRANSPORT,DEFAULT,NA,2016
CD5DEFAULT,CD5,PRISONER TRANSPORT,DEFAULT,NA,2017
CD5DEFAULT,CD5,PRISONER TRANSPORT,DEFAULT,NA,2018
CD7DEFAULT,CD7,ESCORT DUTY,DEFAULT,NA,2015
CD7DEFAULT,CD7,ESCORT DUTY,DEFAULT,NA,2016
CD7DEFAULT,CD7,ESCORT DUTY,DEFAULT,NA,2017
CD7DEFAULT,CD7,ESCORT DUTY,DEFAULT,NA,2018
CD8DEFAULT,CD8,SCHOOL CROSSING,DEFAULT,NA,2015
CD8DEFAULT,CD8,SCHOOL CROSSING,DEFAULT,NA,2016
CD8DEFAULT,CD8,SCHOOL CROSSING,DEFAULT,NA,2017
CD8DEFAULT,CD8,SCHOOL CROSSING,DEFAULT,NA,2018
CD99DEFAULT,CD99,HOSTAGE SITUATION (SUPERVISOR CAN ONLY CALL),DEFAULT,NA,2015
CD99DEFAULT,CD99,HOSTAGE SITUATION (SUPERVISOR CAN ONLY CALL),DEFAULT,NA,2016
CD99DEFAULT,CD99,HOSTAGE SITUATION (SUPERVISOR CAN ONLY CALL),DEFAULT,NA,2017
CD99DEFAULT,CD99,HOSTAGE SITUATION (SUPERVISOR CAN ONLY CALL),DEFAULT,NA,2018
CD9DEFAULT,CD9,STATION ASSIGNMENT,DEFAULT,NA,2015
CD9DEFAULT,CD9,STATION ASSIGNMENT,DEFAULT,NA,2016
CD9DEFAULT,CD9,STATION ASSIGNMENT,DEFAULT,NA,2017
CD9DEFAULT,CD9,STATION ASSIGNMENT,DEFAULT,NA,2018
CHDABUDEFAULT,CHDABU,CHILD ABUSE,DEFAULT,NA,2015
CHDABUDEFAULT,CHDABU,CHILD ABUSE,DEFAULT,NA,2016
CHDABUDEFAULT,CHDABU,CHILD ABUSE,DEFAULT,NA,2017
CHDABUDEFAULT,CHDABU,CHILD ABUSE,DEFAULT,NA,2018
DISTRBDEFAULT,DISTRB,DISTURBANCE,DEFAULT,NA,2015
DISTRBDEFAULT,DISTRB,DISTURBANCE,DEFAULT,NA,2016
DISTRBDEFAULT,DISTRB,DISTURBANCE,DEFAULT,NA,2017
DISTRBDEFAULT,DISTRB,DISTURBANCE,DEFAULT,NA,2018
DISTRBGANG,DISTRB,DISTURBANCE,GANG,GROUP CAUSING A DISTURBANCE,2015
DISTRBGANG,DISTRB,DISTURBANCE,GANG,GROUP CAUSING A DISTURBANCE,2016
DISTRBGANG,DISTRB,DISTURBANCE,GANG,GROUP CAUSING A DISTURBANCE,2017
DISTRBGANG,DISTRB,DISTURBANCE,GANG,GROUP CAUSING A DISTURBANCE,2018
DISTRBLMUSIC,DISTRB,DISTURBANCE,LMUSIC,LOUD MUSIC,2015
DISTRBLMUSIC,DISTRB,DISTURBANCE,LMUSIC,LOUD MUSIC,2016
DISTRBLMUSIC,DISTRB,DISTURBANCE,LMUSIC,LOUD MUSIC,2017
DISTRBLMUSIC,DISTRB,DISTURBANCE,LMUSIC,LOUD MUSIC,2018
DISTRBNOISE,DISTRB,DISTURBANCE,NOISE,UNIDENTIFIED NOISE,2015
DISTRBNOISE,DISTRB,DISTURBANCE,NOISE,UNIDENTIFIED NOISE,2016
DISTRBNOISE,DISTRB,DISTURBANCE,NOISE,UNIDENTIFIED NOISE,2017
DISTRBNOISE,DISTRB,DISTURBANCE,NOISE,UNIDENTIFIED NOISE,2018
DISTRBPARTY,DISTRB,DISTURBANCE,PARTY,LOUD PARTY,2015
DISTRBPARTY,DISTRB,DISTURBANCE,PARTY,LOUD PARTY,2016
DISTRBPARTY,DISTRB,DISTURBANCE,PARTY,LOUD PARTY,2017
DISTRBPARTY,DISTRB,DISTURBANCE,PARTY,LOUD PARTY,2018
DISTRBVERBAL,DISTRB,DISTURBANCE,VERBAL,VERBAL ALTERCATION/ARGUMENT,2015
DISTRBVERBAL,DISTRB,DISTURBANCE,VERBAL,VERBAL ALTERCATION/ARGUMENT,2016
DISTRBVERBAL,DISTRB,DISTURBANCE,VERBAL,VERBAL ALTERCATION/ARGUMENT,2017
DISTRBVERBAL,DISTRB,DISTURBANCE,VERBAL,VERBAL ALTERCATION/ARGUMENT,2018
DROWNDEFAULT,DROWN,DROWNING / WATER RESCUE   (P) (E) (F),DEFAULT,NA,2015
DROWNDEFAULT,DROWN,DROWNING / WATER RESCUE   (P) (E) (F),DEFAULT,NA,2016
DROWNDEFAULT,DROWN,DROWNING / WATER RESCUE   (P) (E) (F),DEFAULT,NA,2017
DROWNDEFAULT,DROWN,DROWNING / WATER RESCUE   (P) (E) (F),DEFAULT,NA,2018
EDP===>>>,EDP,EMOTIONALLY DISTURBED PERSON,===>>>,PICK A SUB-TYPE,2015
EDP===>>>,EDP,EMOTIONALLY DISTURBED PERSON,===>>>,PICK A SUB-TYPE,2016
EDP===>>>,EDP,EMOTIONALLY DISTURBED PERSON,===>>>,PICK A SUB-TYPE,2017
EDP===>>>,EDP,EMOTIONALLY DISTURBED PERSON,===>>>,PICK A SUB-TYPE,2018
ELEVATOR===>>>,ELEVATOR,ELEVATOR,===>>>,PICK A SUB-TYPE,2015
ELEVATOR===>>>,ELEVATOR,ELEVATOR,===>>>,PICK A SUB-TYPE,2016
ELEVATOR===>>>,ELEVATOR,ELEVATOR,===>>>,PICK A SUB-TYPE,2017
ELEVATOR===>>>,ELEVATOR,ELEVATOR,===>>>,PICK A SUB-TYPE,2018
ELEVATORACCIDENT,ELEVATOR,ELEVATOR,ACCIDENT,ACCIDENT   (F) (E) (P),2015
ELEVATORACCIDENT,ELEVATOR,ELEVATOR,ACCIDENT,ACCIDENT   (F) (E) (P),2016
ELEVATORACCIDENT,ELEVATOR,ELEVATOR,ACCIDENT,ACCIDENT   (F) (E) (P),2017
ELEVATORACCIDENT,ELEVATOR,ELEVATOR,ACCIDENT,ACCIDENT   (F) (E) (P),2018
FDBODYDEFAULT,FDBODY,FOUND BODY,DEFAULT,NA,2015
FDBODYDEFAULT,FDBODY,FOUND BODY,DEFAULT,NA,2016
FDBODYDEFAULT,FDBODY,FOUND BODY,DEFAULT,NA,2017
FDBODYDEFAULT,FDBODY,FOUND BODY,DEFAULT,NA,2018
FDWEAPBLLST,FDWEAP,FOUND WEAPON,BLLST,BALLISTICS,2015
FDWEAPBLLST,FDWEAP,FOUND WEAPON,BLLST,BALLISTICS,2016
FDWEAPBLLST,FDWEAP,FOUND WEAPON,BLLST,BALLISTICS,2017
FDWEAPBLLST,FDWEAP,FOUND WEAPON,BLLST,BALLISTICS,2018
FDWEAPDEFAULT,FDWEAP,FOUND WEAPON,DEFAULT,NA,2015
FDWEAPDEFAULT,FDWEAP,FOUND WEAPON,DEFAULT,NA,2016
FDWEAPDEFAULT,FDWEAP,FOUND WEAPON,DEFAULT,NA,2017
FDWEAPDEFAULT,FDWEAP,FOUND WEAPON,DEFAULT,NA,2018
FDWEAPKNIFE,FDWEAP,FOUND WEAPON,KNIFE,KNIFE,2015
FDWEAPKNIFE,FDWEAP,FOUND WEAPON,KNIFE,KNIFE,2016
FDWEAPKNIFE,FDWEAP,FOUND WEAPON,KNIFE,KNIFE,2017
FDWEAPKNIFE,FDWEAP,FOUND WEAPON,KNIFE,KNIFE,2018
FDWEAPOC,FDWEAP,FOUND WEAPON,OC,OC SPRAY,2015
FDWEAPOC,FDWEAP,FOUND WEAPON,OC,OC SPRAY,2016
FDWEAPOC,FDWEAP,FOUND WEAPON,OC,OC SPRAY,2017
FDWEAPOC,FDWEAP,FOUND WEAPON,OC,OC SPRAY,2018
FIRE===>>>,FIRE,FIRE,===>>>,PICK A SUB-TYPE,2015
FIRE===>>>,FIRE,FIRE,===>>>,PICK A SUB-TYPE,2016
FIRE===>>>,FIRE,FIRE,===>>>,PICK A SUB-TYPE,2017
FIRE===>>>,FIRE,FIRE,===>>>,PICK A SUB-TYPE,2018
FIREPIER,FIRE,FIRE,PIER,"PIER FIRE, PILLINGS   (F) (E) (P)",2015
FIREPIER,FIRE,FIRE,PIER,"PIER FIRE, PILLINGS   (F) (E) (P)",2016
FIREPIER,FIRE,FIRE,PIER,"PIER FIRE, PILLINGS   (F) (E) (P)",2017
FIREPIER,FIRE,FIRE,PIER,"PIER FIRE, PILLINGS   (F) (E) (P)",2018
FIRESHIP,FIRE,FIRE,SHIP,SHIP/BOAT FIRE    (F) (E) (P),2015
FIRESHIP,FIRE,FIRE,SHIP,SHIP/BOAT FIRE    (F) (E) (P),2016
FIRESHIP,FIRE,FIRE,SHIP,SHIP/BOAT FIRE    (F) (E) (P),2017
FIRESHIP,FIRE,FIRE,SHIP,SHIP/BOAT FIRE    (F) (E) (P),2018
FIRESHIPDOCK,FIRE,FIRE,SHIPDOCK,SHIP  AT DOCK    (F) (E) (P),2015
FIRESHIPDOCK,FIRE,FIRE,SHIPDOCK,SHIP  AT DOCK    (F) (E) (P),2016
FIRESHIPDOCK,FIRE,FIRE,SHIPDOCK,SHIP  AT DOCK    (F) (E) (P),2017
FIRESHIPDOCK,FIRE,FIRE,SHIPDOCK,SHIP  AT DOCK    (F) (E) (P),2018
FIRESTB,FIRE,FIRE,STB,STRUCK BOX    (F) (E) (P),2015
FIRESTB,FIRE,FIRE,STB,STRUCK BOX    (F) (E) (P),2016
FIRESTB,FIRE,FIRE,STB,STRUCK BOX    (F) (E) (P),2017
FIRESTB,FIRE,FIRE,STB,STRUCK BOX    (F) (E) (P),2018
FIRETRAIN,FIRE,FIRE,TRAIN,TRAIN SMOKE/FIRE/ACCIDENT    (F) (E) (P),2015
FIRETRAIN,FIRE,FIRE,TRAIN,TRAIN SMOKE/FIRE/ACCIDENT    (F) (E) (P),2016
FIRETRAIN,FIRE,FIRE,TRAIN,TRAIN SMOKE/FIRE/ACCIDENT    (F) (E) (P),2017
FIRETRAIN,FIRE,FIRE,TRAIN,TRAIN SMOKE/FIRE/ACCIDENT    (F) (E) (P),2018
FO===>>>,FO,OTHER TYPE FIRE,===>>>,PICK A SUB-TYPE,2015
FO===>>>,FO,OTHER TYPE FIRE,===>>>,PICK A SUB-TYPE,2016
FO===>>>,FO,OTHER TYPE FIRE,===>>>,PICK A SUB-TYPE,2017
FO===>>>,FO,OTHER TYPE FIRE,===>>>,PICK A SUB-TYPE,2018
FODWNPWR,FO,OTHER TYPE FIRE,DWNPWR,DOWNED POWER LINES   (F) (P),2015
FODWNPWR,FO,OTHER TYPE FIRE,DWNPWR,DOWNED POWER LINES   (F) (P),2016
FODWNPWR,FO,OTHER TYPE FIRE,DWNPWR,DOWNED POWER LINES   (F) (P),2017
FODWNPWR,FO,OTHER TYPE FIRE,DWNPWR,DOWNED POWER LINES   (F) (P),2018
FOFV,FO,OTHER TYPE FIRE,FV,VEHICLE FIRE   (F) (P),2015
FOFV,FO,OTHER TYPE FIRE,FV,VEHICLE FIRE   (F) (P),2016
FOFV,FO,OTHER TYPE FIRE,FV,VEHICLE FIRE   (F) (P),2017
FOFV,FO,OTHER TYPE FIRE,FV,VEHICLE FIRE   (F) (P),2018
FOMANHOLE,FO,OTHER TYPE FIRE,MANHOLE,MANHOLE FIRE   (F) (P),2015
FOMANHOLE,FO,OTHER TYPE FIRE,MANHOLE,MANHOLE FIRE   (F) (P),2016
FOMANHOLE,FO,OTHER TYPE FIRE,MANHOLE,MANHOLE FIRE   (F) (P),2017
FOMANHOLE,FO,OTHER TYPE FIRE,MANHOLE,MANHOLE FIRE   (F) (P),2018
FOTRANSFORMER,FO,OTHER TYPE FIRE,TRANSFORMER,TRANSFORMER FIRE   (F) (P),2015
FOTRANSFORMER,FO,OTHER TYPE FIRE,TRANSFORMER,TRANSFORMER FIRE   (F) (P),2016
FOTRANSFORMER,FO,OTHER TYPE FIRE,TRANSFORMER,TRANSFORMER FIRE   (F) (P),2017
FOTRANSFORMER,FO,OTHER TYPE FIRE,TRANSFORMER,TRANSFORMER FIRE   (F) (P),2018
FOTREE,FO,OTHER TYPE FIRE,TREE,DOWN TREE NO WIRES   (F) (P),2015
FOTREE,FO,OTHER TYPE FIRE,TREE,DOWN TREE NO WIRES   (F) (P),2016
FOTREE,FO,OTHER TYPE FIRE,TREE,DOWN TREE NO WIRES   (F) (P),2017
FOTREE,FO,OTHER TYPE FIRE,TREE,DOWN TREE NO WIRES   (F) (P),2018
FOVAULT,FO,OTHER TYPE FIRE,VAULT,VAULT FIRE   (F) (P),2015
FOVAULT,FO,OTHER TYPE FIRE,VAULT,VAULT FIRE   (F) (P),2016
FOVAULT,FO,OTHER TYPE FIRE,VAULT,VAULT FIRE   (F) (P),2017
FOVAULT,FO,OTHER TYPE FIRE,VAULT,VAULT FIRE   (F) (P),2018
HANGUP===>>>,HANGUP,HANGUP CALL,===>>>,PICK A SUBTYPE,2015
HANGUP===>>>,HANGUP,HANGUP CALL,===>>>,PICK A SUBTYPE,2016
HANGUP===>>>,HANGUP,HANGUP CALL,===>>>,PICK A SUBTYPE,2017
HANGUP===>>>,HANGUP,HANGUP CALL,===>>>,PICK A SUBTYPE,2018
HANGUPBUS,HANGUP,HANGUP CALL,BUS,FROM A BUSINESS,2015
HANGUPBUS,HANGUP,HANGUP CALL,BUS,FROM A BUSINESS,2016
HANGUPBUS,HANGUP,HANGUP CALL,BUS,FROM A BUSINESS,2017
HANGUPBUS,HANGUP,HANGUP CALL,BUS,FROM A BUSINESS,2018
HANGUPCELL,HANGUP,HANGUP CALL,CELL,FROM A CELL PHONE,2015
HANGUPCELL,HANGUP,HANGUP CALL,CELL,FROM A CELL PHONE,2016
HANGUPCELL,HANGUP,HANGUP CALL,CELL,FROM A CELL PHONE,2017
HANGUPCELL,HANGUP,HANGUP CALL,CELL,FROM A CELL PHONE,2018
HANGUPPAYPHONE,HANGUP,HANGUP CALL,PAYPHONE,FROM A PAYPHONE,2015
HANGUPPAYPHONE,HANGUP,HANGUP CALL,PAYPHONE,FROM A PAYPHONE,2016
HANGUPPAYPHONE,HANGUP,HANGUP CALL,PAYPHONE,FROM A PAYPHONE,2017
HANGUPPAYPHONE,HANGUP,HANGUP CALL,PAYPHONE,FROM A PAYPHONE,2018
HANGUPPH,HANGUP,HANGUP CALL,PH,FROM A PAYPHONE,2015
HANGUPPH,HANGUP,HANGUP CALL,PH,FROM A PAYPHONE,2016
HANGUPPH,HANGUP,HANGUP CALL,PH,FROM A PAYPHONE,2017
HANGUPPH,HANGUP,HANGUP CALL,PH,FROM A PAYPHONE,2018
HANGUPRES,HANGUP,HANGUP CALL,RES,RESIDENCE,2015
HANGUPRES,HANGUP,HANGUP CALL,RES,RESIDENCE,2016
HANGUPRES,HANGUP,HANGUP CALL,RES,RESIDENCE,2017
HANGUPRES,HANGUP,HANGUP CALL,RES,RESIDENCE,2018
HAZMAT===>>>,HAZMAT,HAZARDOUS MATERIALS INCIDENT,===>>>,PICK A SUB-TYPE,2015
HAZMAT===>>>,HAZMAT,HAZARDOUS MATERIALS INCIDENT,===>>>,PICK A SUB-TYPE,2016
HAZMAT===>>>,HAZMAT,HAZARDOUS MATERIALS INCIDENT,===>>>,PICK A SUB-TYPE,2017
HAZMAT===>>>,HAZMAT,HAZARDOUS MATERIALS INCIDENT,===>>>,PICK A SUB-TYPE,2018
HAZMATBIOC,HAZMAT,HAZARDOUS MATERIALS INCIDENT,BIOC,BIOLOGICAL INCIDENT - CONFIRMED   (F) (E) (P),2015
HAZMATBIOC,HAZMAT,HAZARDOUS MATERIALS INCIDENT,BIOC,BIOLOGICAL INCIDENT - CONFIRMED   (F) (E) (P),2016
HAZMATBIOC,HAZMAT,HAZARDOUS MATERIALS INCIDENT,BIOC,BIOLOGICAL INCIDENT - CONFIRMED   (F) (E) (P),2017
HAZMATBIOC,HAZMAT,HAZARDOUS MATERIALS INCIDENT,BIOC,BIOLOGICAL INCIDENT - CONFIRMED   (F) (E) (P),2018
HAZMATBIOT,HAZMAT,HAZARDOUS MATERIALS INCIDENT,BIOT,BIOLOGICAL INCIDENT - THREAT   (F) (E) (P),2015
HAZMATBIOT,HAZMAT,HAZARDOUS MATERIALS INCIDENT,BIOT,BIOLOGICAL INCIDENT - THREAT   (F) (E) (P),2016
HAZMATBIOT,HAZMAT,HAZARDOUS MATERIALS INCIDENT,BIOT,BIOLOGICAL INCIDENT - THREAT   (F) (E) (P),2017
HAZMATBIOT,HAZMAT,HAZARDOUS MATERIALS INCIDENT,BIOT,BIOLOGICAL INCIDENT - THREAT   (F) (E) (P),2018
HAZMATLEVEL1,HAZMAT,HAZARDOUS MATERIALS INCIDENT,LEVEL1,LEVEL 1 INCIDENT   (F) (E) (P),2015
HAZMATLEVEL1,HAZMAT,HAZARDOUS MATERIALS INCIDENT,LEVEL1,LEVEL 1 INCIDENT   (F) (E) (P),2016
HAZMATLEVEL1,HAZMAT,HAZARDOUS MATERIALS INCIDENT,LEVEL1,LEVEL 1 INCIDENT   (F) (E) (P),2017
HAZMATLEVEL1,HAZMAT,HAZARDOUS MATERIALS INCIDENT,LEVEL1,LEVEL 1 INCIDENT   (F) (E) (P),2018
HAZMATLEVEL2,HAZMAT,HAZARDOUS MATERIALS INCIDENT,LEVEL2,LEVEL 2 INCIDENT   (F) (E) (P),2015
HAZMATLEVEL2,HAZMAT,HAZARDOUS MATERIALS INCIDENT,LEVEL2,LEVEL 2 INCIDENT   (F) (E) (P),2016
HAZMATLEVEL2,HAZMAT,HAZARDOUS MATERIALS INCIDENT,LEVEL2,LEVEL 2 INCIDENT   (F) (E) (P),2017
HAZMATLEVEL2,HAZMAT,HAZARDOUS MATERIALS INCIDENT,LEVEL2,LEVEL 2 INCIDENT   (F) (E) (P),2018
HAZMATLEVEL3,HAZMAT,HAZARDOUS MATERIALS INCIDENT,LEVEL3,LEVEL 3 INCIDENT   (F) (E) (P),2015
HAZMATLEVEL3,HAZMAT,HAZARDOUS MATERIALS INCIDENT,LEVEL3,LEVEL 3 INCIDENT   (F) (E) (P),2016
HAZMATLEVEL3,HAZMAT,HAZARDOUS MATERIALS INCIDENT,LEVEL3,LEVEL 3 INCIDENT   (F) (E) (P),2017
HAZMATLEVEL3,HAZMAT,HAZARDOUS MATERIALS INCIDENT,LEVEL3,LEVEL 3 INCIDENT   (F) (E) (P),2018
HAZMATRAD,HAZMAT,HAZARDOUS MATERIALS INCIDENT,RAD,RADIOACTIVE MATERIAL INCIDENT   (F) (E) (P),2015
HAZMATRAD,HAZMAT,HAZARDOUS MATERIALS INCIDENT,RAD,RADIOACTIVE MATERIAL INCIDENT   (F) (E) (P),2016
HAZMATRAD,HAZMAT,HAZARDOUS MATERIALS INCIDENT,RAD,RADIOACTIVE MATERIAL INCIDENT   (F) (E) (P),2017
HAZMATRAD,HAZMAT,HAZARDOUS MATERIALS INCIDENT,RAD,RADIOACTIVE MATERIAL INCIDENT   (F) (E) (P),2018
HOMINVDEFAULT,HOMINV,HOME INVASION,DEFAULT,NA,2015
HOMINVDEFAULT,HOMINV,HOME INVASION,DEFAULT,NA,2016
HOMINVDEFAULT,HOMINV,HOME INVASION,DEFAULT,NA,2017
HOMINVDEFAULT,HOMINV,HOME INVASION,DEFAULT,NA,2018
INJ1,INJ,INJURY,1,SERIOUS INJURY   (E) (F) (P),2015
INJ1,INJ,INJURY,1,SERIOUS INJURY   (E) (F) (P),2016
INJ1,INJ,INJURY,1,SERIOUS INJURY   (E) (F) (P),2017
INJ1,INJ,INJURY,1,SERIOUS INJURY   (E) (F) (P),2018
INJOFFDEFAULT,INJOFF,INJURED OFFICER,DEFAULT,NA,2015
INJOFFDEFAULT,INJOFF,INJURED OFFICER,DEFAULT,NA,2016
INJOFFDEFAULT,INJOFF,INJURED OFFICER,DEFAULT,NA,2017
INJOFFDEFAULT,INJOFF,INJURED OFFICER,DEFAULT,NA,2018
INVEST===>>>,INVEST,INVESTIGATION,===>>>,PICK A SUB-TYPE,2015
INVEST===>>>,INVEST,INVESTIGATION,===>>>,PICK A SUB-TYPE,2016
INVEST===>>>,INVEST,INVESTIGATION,===>>>,PICK A SUB-TYPE,2017
INVEST===>>>,INVEST,INVESTIGATION,===>>>,PICK A SUB-TYPE,2018
INVESTEMSINV,INVEST,INVESTIGATION,EMSINV,CONS AND/OR MOVING   (E) (P),2015
INVESTEMSINV,INVEST,INVESTIGATION,EMSINV,CONS AND/OR MOVING   (E) (P),2016
INVESTEMSINV,INVEST,INVESTIGATION,EMSINV,CONS AND/OR MOVING   (E) (P),2017
INVESTEMSINV,INVEST,INVESTIGATION,EMSINV,CONS AND/OR MOVING   (E) (P),2018
INVESTNOTIFY,INVEST,INVESTIGATION,NOTIFY,NOTIFICATION,2015
INVESTNOTIFY,INVEST,INVESTIGATION,NOTIFY,NOTIFICATION,2016
INVESTNOTIFY,INVEST,INVESTIGATION,NOTIFY,NOTIFICATION,2017
INVESTNOTIFY,INVEST,INVESTIGATION,NOTIFY,NOTIFICATION,2018
INVESTPRIOR,INVEST,INVESTIGATION,PRIOR,PRIOR INCIDENT INVESTIGATION,2015
INVESTPRIOR,INVEST,INVESTIGATION,PRIOR,PRIOR INCIDENT INVESTIGATION,2016
INVESTPRIOR,INVEST,INVESTIGATION,PRIOR,PRIOR INCIDENT INVESTIGATION,2017
INVESTPRIOR,INVEST,INVESTIGATION,PRIOR,PRIOR INCIDENT INVESTIGATION,2018
INVESTVENDOR,INVEST,INVESTIGATION,VENDOR,INSPECTION OR REMOVAL,2015
INVESTVENDOR,INVEST,INVESTIGATION,VENDOR,INSPECTION OR REMOVAL,2016
INVESTVENDOR,INVEST,INVESTIGATION,VENDOR,INSPECTION OR REMOVAL,2017
INVESTVENDOR,INVEST,INVESTIGATION,VENDOR,INSPECTION OR REMOVAL,2018
IVMVABANMV,IVMV,INVESTIGATE MOTOR VEHICLE,ABANMV,ABANDONED MOTOR VEHICLE,2015
IVMVABANMV,IVMV,INVESTIGATE MOTOR VEHICLE,ABANMV,ABANDONED MOTOR VEHICLE,2016
IVMVABANMV,IVMV,INVESTIGATE MOTOR VEHICLE,ABANMV,ABANDONED MOTOR VEHICLE,2017
IVMVABANMV,IVMV,INVESTIGATE MOTOR VEHICLE,ABANMV,ABANDONED MOTOR VEHICLE,2018
IVMVALARM,IVMV,INVESTIGATE MOTOR VEHICLE,ALARM,VEHICLE ALARM,2015
IVMVALARM,IVMV,INVESTIGATE MOTOR VEHICLE,ALARM,VEHICLE ALARM,2016
IVMVALARM,IVMV,INVESTIGATE MOTOR VEHICLE,ALARM,VEHICLE ALARM,2017
IVMVALARM,IVMV,INVESTIGATE MOTOR VEHICLE,ALARM,VEHICLE ALARM,2018
IVMVATTACH,IVMV,INVESTIGATE MOTOR VEHICLE,ATTACH,ATTACHED PLATES,2015
IVMVATTACH,IVMV,INVESTIGATE MOTOR VEHICLE,ATTACH,ATTACHED PLATES,2016
IVMVATTACH,IVMV,INVESTIGATE MOTOR VEHICLE,ATTACH,ATTACHED PLATES,2017
IVMVATTACH,IVMV,INVESTIGATE MOTOR VEHICLE,ATTACH,ATTACHED PLATES,2018
IVMVCARBLK,IVMV,INVESTIGATE MOTOR VEHICLE,CARBLK,CAR BLOCKING,2015
IVMVCARBLK,IVMV,INVESTIGATE MOTOR VEHICLE,CARBLK,CAR BLOCKING,2016
IVMVCARBLK,IVMV,INVESTIGATE MOTOR VEHICLE,CARBLK,CAR BLOCKING,2017
IVMVCARBLK,IVMV,INVESTIGATE MOTOR VEHICLE,CARBLK,CAR BLOCKING,2018
IVMVDEFAULT,IVMV,INVESTIGATE MOTOR VEHICLE,DEFAULT,NA,2015
IVMVDEFAULT,IVMV,INVESTIGATE MOTOR VEHICLE,DEFAULT,NA,2016
IVMVDEFAULT,IVMV,INVESTIGATE MOTOR VEHICLE,DEFAULT,NA,2017
IVMVDEFAULT,IVMV,INVESTIGATE MOTOR VEHICLE,DEFAULT,NA,2018
IVMVDMV,IVMV,INVESTIGATE MOTOR VEHICLE,DMV,DISABLED MOTOR VEHICLE,2015
IVMVDMV,IVMV,INVESTIGATE MOTOR VEHICLE,DMV,DISABLED MOTOR VEHICLE,2016
IVMVDMV,IVMV,INVESTIGATE MOTOR VEHICLE,DMV,DISABLED MOTOR VEHICLE,2017
IVMVDMV,IVMV,INVESTIGATE MOTOR VEHICLE,DMV,DISABLED MOTOR VEHICLE,2018
IVMVFBOAT,IVMV,INVESTIGATE MOTOR VEHICLE,FBOAT,BOAT FIRE,2015
IVMVFBOAT,IVMV,INVESTIGATE MOTOR VEHICLE,FBOAT,BOAT FIRE,2016
IVMVFBOAT,IVMV,INVESTIGATE MOTOR VEHICLE,FBOAT,BOAT FIRE,2017
IVMVFBOAT,IVMV,INVESTIGATE MOTOR VEHICLE,FBOAT,BOAT FIRE,2018
IVMVFV,IVMV,INVESTIGATE MOTOR VEHICLE,FV,VEHICLE FIRE,2015
IVMVFV,IVMV,INVESTIGATE MOTOR VEHICLE,FV,VEHICLE FIRE,2016
IVMVFV,IVMV,INVESTIGATE MOTOR VEHICLE,FV,VEHICLE FIRE,2017
IVMVFV,IVMV,INVESTIGATE MOTOR VEHICLE,FV,VEHICLE FIRE,2018
IVMVILLPRK,IVMV,INVESTIGATE MOTOR VEHICLE,ILLPRK,ILLEGALLY PARKED VEHICLE,2015
IVMVILLPRK,IVMV,INVESTIGATE MOTOR VEHICLE,ILLPRK,ILLEGALLY PARKED VEHICLE,2016
IVMVILLPRK,IVMV,INVESTIGATE MOTOR VEHICLE,ILLPRK,ILLEGALLY PARKED VEHICLE,2017
IVMVILLPRK,IVMV,INVESTIGATE MOTOR VEHICLE,ILLPRK,ILLEGALLY PARKED VEHICLE,2018
IVMVMVBLDR,IVMV,INVESTIGATE MOTOR VEHICLE,MVBLDR,MOTOR VEHICLE BLOCKING DRIVEWAY,2015
IVMVMVBLDR,IVMV,INVESTIGATE MOTOR VEHICLE,MVBLDR,MOTOR VEHICLE BLOCKING DRIVEWAY,2016
IVMVMVBLDR,IVMV,INVESTIGATE MOTOR VEHICLE,MVBLDR,MOTOR VEHICLE BLOCKING DRIVEWAY,2017
IVMVMVBLDR,IVMV,INVESTIGATE MOTOR VEHICLE,MVBLDR,MOTOR VEHICLE BLOCKING DRIVEWAY,2018
IVMVRECMV,IVMV,INVESTIGATE MOTOR VEHICLE,RECMV,RECOVERY OF STOLEN MOTOR VEHICLE,2015
IVMVRECMV,IVMV,INVESTIGATE MOTOR VEHICLE,RECMV,RECOVERY OF STOLEN MOTOR VEHICLE,2016
IVMVRECMV,IVMV,INVESTIGATE MOTOR VEHICLE,RECMV,RECOVERY OF STOLEN MOTOR VEHICLE,2017
IVMVRECMV,IVMV,INVESTIGATE MOTOR VEHICLE,RECMV,RECOVERY OF STOLEN MOTOR VEHICLE,2018
IVMVSTOLEN,IVMV,INVESTIGATE MOTOR VEHICLE,STOLEN,STOLEN MOTOR VEHICLE REPORT,2015
IVMVSTOLEN,IVMV,INVESTIGATE MOTOR VEHICLE,STOLEN,STOLEN MOTOR VEHICLE REPORT,2016
IVMVSTOLEN,IVMV,INVESTIGATE MOTOR VEHICLE,STOLEN,STOLEN MOTOR VEHICLE REPORT,2017
IVMVSTOLEN,IVMV,INVESTIGATE MOTOR VEHICLE,STOLEN,STOLEN MOTOR VEHICLE REPORT,2018
IVMVVIOMVL,IVMV,INVESTIGATE MOTOR VEHICLE,VIOMVL,VIOLATION OF THE MOTOR VEHICLE LAWS,2015
IVMVVIOMVL,IVMV,INVESTIGATE MOTOR VEHICLE,VIOMVL,VIOLATION OF THE MOTOR VEHICLE LAWS,2016
IVMVVIOMVL,IVMV,INVESTIGATE MOTOR VEHICLE,VIOMVL,VIOLATION OF THE MOTOR VEHICLE LAWS,2017
IVMVVIOMVL,IVMV,INVESTIGATE MOTOR VEHICLE,VIOMVL,VIOLATION OF THE MOTOR VEHICLE LAWS,2018
IVPER===>>>,IVPER,INVESTIGATE PERSON,===>>>,PICK A SUB-TYPE,2015
IVPER===>>>,IVPER,INVESTIGATE PERSON,===>>>,PICK A SUB-TYPE,2016
IVPER===>>>,IVPER,INVESTIGATE PERSON,===>>>,PICK A SUB-TYPE,2017
IVPER===>>>,IVPER,INVESTIGATE PERSON,===>>>,PICK A SUB-TYPE,2018
IVPERCONFPR,IVPER,INVESTIGATE PERSON,CONFPR,CONFUSED PERSON,2015
IVPERCONFPR,IVPER,INVESTIGATE PERSON,CONFPR,CONFUSED PERSON,2016
IVPERCONFPR,IVPER,INVESTIGATE PERSON,CONFPR,CONFUSED PERSON,2017
IVPERCONFPR,IVPER,INVESTIGATE PERSON,CONFPR,CONFUSED PERSON,2018
IVPERCURFEW,IVPER,INVESTIGATE PERSON,CURFEW,CURFEW VIOLATION REPORT,2015
IVPERCURFEW,IVPER,INVESTIGATE PERSON,CURFEW,CURFEW VIOLATION REPORT,2016
IVPERCURFEW,IVPER,INVESTIGATE PERSON,CURFEW,CURFEW VIOLATION REPORT,2017
IVPERCURFEW,IVPER,INVESTIGATE PERSON,CURFEW,CURFEW VIOLATION REPORT,2018
IVPERDOGBIT,IVPER,INVESTIGATE PERSON,DOGBIT,DOG BITE,2015
IVPERDOGBIT,IVPER,INVESTIGATE PERSON,DOGBIT,DOG BITE,2016
IVPERDOGBIT,IVPER,INVESTIGATE PERSON,DOGBIT,DOG BITE,2017
IVPERDOGBIT,IVPER,INVESTIGATE PERSON,DOGBIT,DOG BITE,2018
IVPERFDCHLD,IVPER,INVESTIGATE PERSON,FDCHLD,FOUND CHILD,2015
IVPERFDCHLD,IVPER,INVESTIGATE PERSON,FDCHLD,FOUND CHILD,2016
IVPERFDCHLD,IVPER,INVESTIGATE PERSON,FDCHLD,FOUND CHILD,2017
IVPERFDCHLD,IVPER,INVESTIGATE PERSON,FDCHLD,FOUND CHILD,2018
IVPERHARPT,IVPER,INVESTIGATE PERSON,HARPT,HARASSMENT REPORT,2015
IVPERHARPT,IVPER,INVESTIGATE PERSON,HARPT,HARASSMENT REPORT,2016
IVPERHARPT,IVPER,INVESTIGATE PERSON,HARPT,HARASSMENT REPORT,2017
IVPERHARPT,IVPER,INVESTIGATE PERSON,HARPT,HARASSMENT REPORT,2018
IVPERINJRPT,IVPER,INVESTIGATE PERSON,INJRPT,INJURY REPORT,2015
IVPERINJRPT,IVPER,INVESTIGATE PERSON,INJRPT,INJURY REPORT,2016
IVPERINJRPT,IVPER,INVESTIGATE PERSON,INJRPT,INJURY REPORT,2017
IVPERINJRPT,IVPER,INVESTIGATE PERSON,INJRPT,INJURY REPORT,2018
IVPERINVCHD,IVPER,INVESTIGATE PERSON,INVCHD,INVESTIGATE CHILD,2015
IVPERINVCHD,IVPER,INVESTIGATE PERSON,INVCHD,INVESTIGATE CHILD,2016
IVPERINVCHD,IVPER,INVESTIGATE PERSON,INVCHD,INVESTIGATE CHILD,2017
IVPERINVCHD,IVPER,INVESTIGATE PERSON,INVCHD,INVESTIGATE CHILD,2018
IVPERMEET,IVPER,INVESTIGATE PERSON,MEET,ASSIST CITIZEN,2015
IVPERMEET,IVPER,INVESTIGATE PERSON,MEET,ASSIST CITIZEN,2016
IVPERMEET,IVPER,INVESTIGATE PERSON,MEET,ASSIST CITIZEN,2017
IVPERMEET,IVPER,INVESTIGATE PERSON,MEET,ASSIST CITIZEN,2018
IVPERMISPER,IVPER,INVESTIGATE PERSON,MISPER,MISSING PERSON REPORT,2015
IVPERMISPER,IVPER,INVESTIGATE PERSON,MISPER,MISSING PERSON REPORT,2016
IVPERMISPER,IVPER,INVESTIGATE PERSON,MISPER,MISSING PERSON REPORT,2017
IVPERMISPER,IVPER,INVESTIGATE PERSON,MISPER,MISSING PERSON REPORT,2018
IVPERMSNCOM,IVPER,INVESTIGATE PERSON,MSNCOM,MISSING PERSON WITH COMPLICATIONS,2015
IVPERMSNCOM,IVPER,INVESTIGATE PERSON,MSNCOM,MISSING PERSON WITH COMPLICATIONS,2016
IVPERMSNCOM,IVPER,INVESTIGATE PERSON,MSNCOM,MISSING PERSON WITH COMPLICATIONS,2017
IVPERMSNCOM,IVPER,INVESTIGATE PERSON,MSNCOM,MISSING PERSON WITH COMPLICATIONS,2018
IVPERPROSTI,IVPER,INVESTIGATE PERSON,PROSTI,PROSTITUTES,2015
IVPERPROSTI,IVPER,INVESTIGATE PERSON,PROSTI,PROSTITUTES,2016
IVPERPROSTI,IVPER,INVESTIGATE PERSON,PROSTI,PROSTITUTES,2017
IVPERPROSTI,IVPER,INVESTIGATE PERSON,PROSTI,PROSTITUTES,2018
IVPERPRWLER,IVPER,INVESTIGATE PERSON,PRWLER,PROWLER NIGHTTIME,2015
IVPERPRWLER,IVPER,INVESTIGATE PERSON,PRWLER,PROWLER NIGHTTIME,2016
IVPERPRWLER,IVPER,INVESTIGATE PERSON,PRWLER,PROWLER NIGHTTIME,2017
IVPERPRWLER,IVPER,INVESTIGATE PERSON,PRWLER,PROWLER NIGHTTIME,2018
IVPERREMOVE,IVPER,INVESTIGATE PERSON,REMOVE,REMOVAL,2015
IVPERREMOVE,IVPER,INVESTIGATE PERSON,REMOVE,REMOVAL,2016
IVPERREMOVE,IVPER,INVESTIGATE PERSON,REMOVE,REMOVAL,2017
IVPERREMOVE,IVPER,INVESTIGATE PERSON,REMOVE,REMOVAL,2018
IVPERSS,IVPER,INVESTIGATE PERSON,SS,SUBJECT STOP,2015
IVPERSS,IVPER,INVESTIGATE PERSON,SS,SUBJECT STOP,2016
IVPERSS,IVPER,INVESTIGATE PERSON,SS,SUBJECT STOP,2017
IVPERSS,IVPER,INVESTIGATE PERSON,SS,SUBJECT STOP,2018
IVPERSUSPER,IVPER,INVESTIGATE PERSON,SUSPER,SUSPICIOUS PERSON,2015
IVPERSUSPER,IVPER,INVESTIGATE PERSON,SUSPER,SUSPICIOUS PERSON,2016
IVPERSUSPER,IVPER,INVESTIGATE PERSON,SUSPER,SUSPICIOUS PERSON,2017
IVPERSUSPER,IVPER,INVESTIGATE PERSON,SUSPER,SUSPICIOUS PERSON,2018
IVPERTEROBS,IVPER,INVESTIGATE PERSON,TEROBS,TERRORIST OBSERVATION,2015
IVPERTEROBS,IVPER,INVESTIGATE PERSON,TEROBS,TERRORIST OBSERVATION,2016
IVPERTEROBS,IVPER,INVESTIGATE PERSON,TEROBS,TERRORIST OBSERVATION,2017
IVPERTEROBS,IVPER,INVESTIGATE PERSON,TEROBS,TERRORIST OBSERVATION,2018
IVPERTHREAT,IVPER,INVESTIGATE PERSON,THREAT,THREAT REPORT,2015
IVPERTHREAT,IVPER,INVESTIGATE PERSON,THREAT,THREAT REPORT,2016
IVPERTHREAT,IVPER,INVESTIGATE PERSON,THREAT,THREAT REPORT,2017
IVPERTHREAT,IVPER,INVESTIGATE PERSON,THREAT,THREAT REPORT,2018
IVPERTRANSP,IVPER,INVESTIGATE PERSON,TRANSP,TRANSPORT,2015
IVPERTRANSP,IVPER,INVESTIGATE PERSON,TRANSP,TRANSPORT,2016
IVPERTRANSP,IVPER,INVESTIGATE PERSON,TRANSP,TRANSPORT,2017
IVPERTRANSP,IVPER,INVESTIGATE PERSON,TRANSP,TRANSPORT,2018
IVPERTRESPS,IVPER,INVESTIGATE PERSON,TRESPS,TRESPASS NO THREATS,2015
IVPERTRESPS,IVPER,INVESTIGATE PERSON,TRESPS,TRESPASS NO THREATS,2016
IVPERTRESPS,IVPER,INVESTIGATE PERSON,TRESPS,TRESPASS NO THREATS,2017
IVPERTRESPS,IVPER,INVESTIGATE PERSON,TRESPS,TRESPASS NO THREATS,2018
IVPERUNK,IVPER,INVESTIGATE PERSON,UNK,UNKNOWN CONDITION,2015
IVPERUNK,IVPER,INVESTIGATE PERSON,UNK,UNKNOWN CONDITION,2016
IVPERUNK,IVPER,INVESTIGATE PERSON,UNK,UNKNOWN CONDITION,2017
IVPERUNK,IVPER,INVESTIGATE PERSON,UNK,UNKNOWN CONDITION,2018
IVPREM===>>>,IVPREM,INVESTIGATE PREMISE,===>>>,NA,2015
IVPREM===>>>,IVPREM,INVESTIGATE PREMISE,===>>>,NA,2016
IVPREM===>>>,IVPREM,INVESTIGATE PREMISE,===>>>,NA,2017
IVPREM===>>>,IVPREM,INVESTIGATE PREMISE,===>>>,NA,2018
IVPREMBRKDOG,IVPREM,INVESTIGATE PREMISE,BRKDOG,BARKING DOG,2015
IVPREMBRKDOG,IVPREM,INVESTIGATE PREMISE,BRKDOG,BARKING DOG,2016
IVPREMBRKDOG,IVPREM,INVESTIGATE PREMISE,BRKDOG,BARKING DOG,2017
IVPREMBRKDOG,IVPREM,INVESTIGATE PREMISE,BRKDOG,BARKING DOG,2018
IVPREMDRUG,IVPREM,INVESTIGATE PREMISE,DRUG,INVESTIGATE DRUG LOCATION/USE,2015
IVPREMDRUG,IVPREM,INVESTIGATE PREMISE,DRUG,INVESTIGATE DRUG LOCATION/USE,2016
IVPREMDRUG,IVPREM,INVESTIGATE PREMISE,DRUG,INVESTIGATE DRUG LOCATION/USE,2017
IVPREMDRUG,IVPREM,INVESTIGATE PREMISE,DRUG,INVESTIGATE DRUG LOCATION/USE,2018
IVPREMDWNPWR,IVPREM,INVESTIGATE PREMISE,DWNPWR,DOWN POWER LINES,2015
IVPREMDWNPWR,IVPREM,INVESTIGATE PREMISE,DWNPWR,DOWN POWER LINES,2016
IVPREMDWNPWR,IVPREM,INVESTIGATE PREMISE,DWNPWR,DOWN POWER LINES,2017
IVPREMDWNPWR,IVPREM,INVESTIGATE PREMISE,DWNPWR,DOWN POWER LINES,2018
IVPREMEMERPH,IVPREM,INVESTIGATE PREMISE,EMERPH,EMERGENCY PHONE ACTIVATION,2015
IVPREMEMERPH,IVPREM,INVESTIGATE PREMISE,EMERPH,EMERGENCY PHONE ACTIVATION,2016
IVPREMEMERPH,IVPREM,INVESTIGATE PREMISE,EMERPH,EMERGENCY PHONE ACTIVATION,2017
IVPREMEMERPH,IVPREM,INVESTIGATE PREMISE,EMERPH,EMERGENCY PHONE ACTIVATION,2018
IVPREMFDPROP,IVPREM,INVESTIGATE PREMISE,FDPROP,FOUND PROPERTY,2015
IVPREMFDPROP,IVPREM,INVESTIGATE PREMISE,FDPROP,FOUND PROPERTY,2016
IVPREMFDPROP,IVPREM,INVESTIGATE PREMISE,FDPROP,FOUND PROPERTY,2017
IVPREMFDPROP,IVPREM,INVESTIGATE PREMISE,FDPROP,FOUND PROPERTY,2018
IVPREMFIRWKS,IVPREM,INVESTIGATE PREMISE,FIRWKS,FIREWORKS,2015
IVPREMFIRWKS,IVPREM,INVESTIGATE PREMISE,FIRWKS,FIREWORKS,2016
IVPREMFIRWKS,IVPREM,INVESTIGATE PREMISE,FIRWKS,FIREWORKS,2017
IVPREMFIRWKS,IVPREM,INVESTIGATE PREMISE,FIRWKS,FIREWORKS,2018
IVPREMHAZ,IVPREM,INVESTIGATE PREMISE,HAZ,HAZARD BUILDING/SIDEWALK/STREET,2015
IVPREMHAZ,IVPREM,INVESTIGATE PREMISE,HAZ,HAZARD BUILDING/SIDEWALK/STREET,2016
IVPREMHAZ,IVPREM,INVESTIGATE PREMISE,HAZ,HAZARD BUILDING/SIDEWALK/STREET,2017
IVPREMHAZ,IVPREM,INVESTIGATE PREMISE,HAZ,HAZARD BUILDING/SIDEWALK/STREET,2018
IVPREMINJAML,IVPREM,INVESTIGATE PREMISE,INJAML,INJURED ANIMAL,2015
IVPREMINJAML,IVPREM,INVESTIGATE PREMISE,INJAML,INJURED ANIMAL,2016
IVPREMINJAML,IVPREM,INVESTIGATE PREMISE,INJAML,INJURED ANIMAL,2017
IVPREMINJAML,IVPREM,INVESTIGATE PREMISE,INJAML,INJURED ANIMAL,2018
IVPREMIVDRUG,IVPREM,INVESTIGATE PREMISE,IVDRUG,INVESTIGATE DRUG LOCATION/USE,2015
IVPREMIVDRUG,IVPREM,INVESTIGATE PREMISE,IVDRUG,INVESTIGATE DRUG LOCATION/USE,2016
IVPREMIVDRUG,IVPREM,INVESTIGATE PREMISE,IVDRUG,INVESTIGATE DRUG LOCATION/USE,2017
IVPREMIVDRUG,IVPREM,INVESTIGATE PREMISE,IVDRUG,INVESTIGATE DRUG LOCATION/USE,2018
IVPREMIVLIC,IVPREM,INVESTIGATE PREMISE,IVLIC,LICENSED PREMISE CHECK,2015
IVPREMIVLIC,IVPREM,INVESTIGATE PREMISE,IVLIC,LICENSED PREMISE CHECK,2016
IVPREMIVLIC,IVPREM,INVESTIGATE PREMISE,IVLIC,LICENSED PREMISE CHECK,2017
IVPREMIVLIC,IVPREM,INVESTIGATE PREMISE,IVLIC,LICENSED PREMISE CHECK,2018
IVPREMTRACK,IVPREM,INVESTIGATE PREMISE,TRACK,TRACK CELLULLAR PHONE,2015
IVPREMTRACK,IVPREM,INVESTIGATE PREMISE,TRACK,TRACK CELLULLAR PHONE,2016
IVPREMTRACK,IVPREM,INVESTIGATE PREMISE,TRACK,TRACK CELLULLAR PHONE,2017
IVPREMTRACK,IVPREM,INVESTIGATE PREMISE,TRACK,TRACK CELLULLAR PHONE,2018
IVPREMTRAFFIC,IVPREM,INVESTIGATE PREMISE,TRAFFIC,TRAFFIC ISSUE,2015
IVPREMTRAFFIC,IVPREM,INVESTIGATE PREMISE,TRAFFIC,TRAFFIC ISSUE,2016
IVPREMTRAFFIC,IVPREM,INVESTIGATE PREMISE,TRAFFIC,TRAFFIC ISSUE,2017
IVPREMTRAFFIC,IVPREM,INVESTIGATE PREMISE,TRAFFIC,TRAFFIC ISSUE,2018
IVPREMTREE,IVPREM,INVESTIGATE PREMISE,TREE,DOWN TREE NO WIRES,2015
IVPREMTREE,IVPREM,INVESTIGATE PREMISE,TREE,DOWN TREE NO WIRES,2016
IVPREMTREE,IVPREM,INVESTIGATE PREMISE,TREE,DOWN TREE NO WIRES,2017
IVPREMTREE,IVPREM,INVESTIGATE PREMISE,TREE,DOWN TREE NO WIRES,2018
IVPREMVICDOG,IVPREM,INVESTIGATE PREMISE,VICDOG,VICIOUS DOG - NO INJURIES,2015
IVPREMVICDOG,IVPREM,INVESTIGATE PREMISE,VICDOG,VICIOUS DOG - NO INJURIES,2016
IVPREMVICDOG,IVPREM,INVESTIGATE PREMISE,VICDOG,VICIOUS DOG - NO INJURIES,2017
IVPREMVICDOG,IVPREM,INVESTIGATE PREMISE,VICDOG,VICIOUS DOG - NO INJURIES,2018
JUMPERDEFAULT,JUMPER,JUMPER   (P) (E) (F),DEFAULT,NA,2015
JUMPERDEFAULT,JUMPER,JUMPER   (P) (E) (F),DEFAULT,NA,2016
JUMPERDEFAULT,JUMPER,JUMPER   (P) (E) (F),DEFAULT,NA,2017
JUMPERDEFAULT,JUMPER,JUMPER   (P) (E) (F),DEFAULT,NA,2018
KIDNAPDEFAULT,KIDNAP,KIDNAPPING,DEFAULT,NA,2015
KIDNAPDEFAULT,KIDNAP,KIDNAPPING,DEFAULT,NA,2016
KIDNAPDEFAULT,KIDNAP,KIDNAPPING,DEFAULT,NA,2017
KIDNAPDEFAULT,KIDNAP,KIDNAPPING,DEFAULT,NA,2018
LARCENY===>>>,LARCENY,LARCENY,===>>>,PICK A SUB-TYPE,2015
LARCENY===>>>,LARCENY,LARCENY,===>>>,PICK A SUB-TYPE,2016
LARCENY===>>>,LARCENY,LARCENY,===>>>,PICK A SUB-TYPE,2017
LARCENY===>>>,LARCENY,LARCENY,===>>>,PICK A SUB-TYPE,2018
LARCENYIP,LARCENY,LARCENY,IP,IN PROGRESS,2015
LARCENYIP,LARCENY,LARCENY,IP,IN PROGRESS,2016
LARCENYIP,LARCENY,LARCENY,IP,IN PROGRESS,2017
LARCENYIP,LARCENY,LARCENY,IP,IN PROGRESS,2018
LARCENYRPT,LARCENY,LARCENY,RPT,REPORT,2015
LARCENYRPT,LARCENY,LARCENY,RPT,REPORT,2016
LARCENYRPT,LARCENY,LARCENY,RPT,REPORT,2017
LARCENYRPT,LARCENY,LARCENY,RPT,REPORT,2018
LARCENYSHPLFT,LARCENY,LARCENY,SHPLFT,SHOPLIFTER IN CUSTODY,2015
LARCENYSHPLFT,LARCENY,LARCENY,SHPLFT,SHOPLIFTER IN CUSTODY,2016
LARCENYSHPLFT,LARCENY,LARCENY,SHPLFT,SHOPLIFTER IN CUSTODY,2017
LARCENYSHPLFT,LARCENY,LARCENY,SHPLFT,SHOPLIFTER IN CUSTODY,2018
LOCKOUTLOCK,LOCKOUT,LOCKOUT LOCKIN,LOCK,LOCKOUT/LOCKIN   (P) (F),2015
LOCKOUTLOCK,LOCKOUT,LOCKOUT LOCKIN,LOCK,LOCKOUT/LOCKIN   (P) (F),2016
LOCKOUTLOCK,LOCKOUT,LOCKOUT LOCKIN,LOCK,LOCKOUT/LOCKIN   (P) (F),2017
LOCKOUTLOCK,LOCKOUT,LOCKOUT LOCKIN,LOCK,LOCKOUT/LOCKIN   (P) (F),2018
LOGANALERT2,LOGAN,LOGAN AIRCRAFT,ALERT2,ALERT 2   (F) (E) (P),2015
LOGANALERT2,LOGAN,LOGAN AIRCRAFT,ALERT2,ALERT 2   (F) (E) (P),2016
LOGANALERT2,LOGAN,LOGAN AIRCRAFT,ALERT2,ALERT 2   (F) (E) (P),2017
LOGANALERT2,LOGAN,LOGAN AIRCRAFT,ALERT2,ALERT 2   (F) (E) (P),2018
MAJORCOLB,MAJOR,MAJOR INCIDENT,COLB,BUILDING COLLAPSE   (F) (E) (P),2015
MAJORCOLB,MAJOR,MAJOR INCIDENT,COLB,BUILDING COLLAPSE   (F) (E) (P),2016
MAJORCOLB,MAJOR,MAJOR INCIDENT,COLB,BUILDING COLLAPSE   (F) (E) (P),2017
MAJORCOLB,MAJOR,MAJOR INCIDENT,COLB,BUILDING COLLAPSE   (F) (E) (P),2018
MAJORCOLC,MAJOR,MAJOR INCIDENT,COLC,"CAVE IN, COLLAPSE/TRENCH   (F) (E) (P)",2015
MAJORCOLC,MAJOR,MAJOR INCIDENT,COLC,"CAVE IN, COLLAPSE/TRENCH   (F) (E) (P)",2016
MAJORCOLC,MAJOR,MAJOR INCIDENT,COLC,"CAVE IN, COLLAPSE/TRENCH   (F) (E) (P)",2017
MAJORCOLC,MAJOR,MAJOR INCIDENT,COLC,"CAVE IN, COLLAPSE/TRENCH   (F) (E) (P)",2018
MAJORCONF,MAJOR,MAJOR INCIDENT,CONF,CONFINED SPACE   (F) (E) (P),2015
MAJORCONF,MAJOR,MAJOR INCIDENT,CONF,CONFINED SPACE   (F) (E) (P),2016
MAJORCONF,MAJOR,MAJOR INCIDENT,CONF,CONFINED SPACE   (F) (E) (P),2017
MAJORCONF,MAJOR,MAJOR INCIDENT,CONF,CONFINED SPACE   (F) (E) (P),2018
MAJORHIANGLE,MAJOR,MAJOR INCIDENT,HIANGLE,ELEVATED HEIGHT RESCUE   (F) (E) (P),2015
MAJORHIANGLE,MAJOR,MAJOR INCIDENT,HIANGLE,ELEVATED HEIGHT RESCUE   (F) (E) (P),2016
MAJORHIANGLE,MAJOR,MAJOR INCIDENT,HIANGLE,ELEVATED HEIGHT RESCUE   (F) (E) (P),2017
MAJORHIANGLE,MAJOR,MAJOR INCIDENT,HIANGLE,ELEVATED HEIGHT RESCUE   (F) (E) (P),2018
MAJORTRAIN,MAJOR,MAJOR INCIDENT,TRAIN,TRAIN SMOKE/FIRE/ACCIDENT    (F) (E) (P),2015
MAJORTRAIN,MAJOR,MAJOR INCIDENT,TRAIN,TRAIN SMOKE/FIRE/ACCIDENT    (F) (E) (P),2016
MAJORTRAIN,MAJOR,MAJOR INCIDENT,TRAIN,TRAIN SMOKE/FIRE/ACCIDENT    (F) (E) (P),2017
MAJORTRAIN,MAJOR,MAJOR INCIDENT,TRAIN,TRAIN SMOKE/FIRE/ACCIDENT    (F) (E) (P),2018
MAJORTRAP,MAJOR,MAJOR INCIDENT,TRAP,ENTRAPMENT/EXTRICATION   (F) (E) (P),2015
MAJORTRAP,MAJOR,MAJOR INCIDENT,TRAP,ENTRAPMENT/EXTRICATION   (F) (E) (P),2016
MAJORTRAP,MAJOR,MAJOR INCIDENT,TRAP,ENTRAPMENT/EXTRICATION   (F) (E) (P),2017
MAJORTRAP,MAJOR,MAJOR INCIDENT,TRAP,ENTRAPMENT/EXTRICATION   (F) (E) (P),2018
MAJORWATER,MAJOR,MAJOR INCIDENT,WATER,WATER RESCUE   (F) (E) (P),2015
MAJORWATER,MAJOR,MAJOR INCIDENT,WATER,WATER RESCUE   (F) (E) (P),2016
MAJORWATER,MAJOR,MAJOR INCIDENT,WATER,WATER RESCUE   (F) (E) (P),2017
MAJORWATER,MAJOR,MAJOR INCIDENT,WATER,WATER RESCUE   (F) (E) (P),2018
MEDICALASSIST,MEDICAL,MEDICAL INCIDENT,ASSIST,ASSIST   (E) (F),2015
MEDICALASSIST,MEDICAL,MEDICAL INCIDENT,ASSIST,ASSIST   (E) (F),2016
MEDICALASSIST,MEDICAL,MEDICAL INCIDENT,ASSIST,ASSIST   (E) (F),2017
MEDICALASSIST,MEDICAL,MEDICAL INCIDENT,ASSIST,ASSIST   (E) (F),2018
MISCDEFAULT,MISC,MISCELLANEOUS CALLS,DEFAULT,NA,2015
MISCDEFAULT,MISC,MISCELLANEOUS CALLS,DEFAULT,NA,2016
MISCDEFAULT,MISC,MISCELLANEOUS CALLS,DEFAULT,NA,2017
MISCDEFAULT,MISC,MISCELLANEOUS CALLS,DEFAULT,NA,2018
MISCPOCKET,MISC,MISCELLANEOUS CALLS,POCKET,POCKET DIAL,2015
MISCPOCKET,MISC,MISCELLANEOUS CALLS,POCKET,POCKET DIAL,2016
MISCPOCKET,MISC,MISCELLANEOUS CALLS,POCKET,POCKET DIAL,2017
MISCPOCKET,MISC,MISCELLANEOUS CALLS,POCKET,POCKET DIAL,2018
MISSING===>>>,MISSING,INVESTIGATE PERSON,===>>>,PICK A SUBTYPE,2015
MISSING===>>>,MISSING,INVESTIGATE PERSON,===>>>,PICK A SUBTYPE,2016
MISSING===>>>,MISSING,INVESTIGATE PERSON,===>>>,PICK A SUBTYPE,2017
MISSING===>>>,MISSING,INVESTIGATE PERSON,===>>>,PICK A SUBTYPE,2018
MISSINGCOMP,MISSING,INVESTIGATE PERSON,COMP,MISSING PERSON WITH COMPLICATIONS,2015
MISSINGCOMP,MISSING,INVESTIGATE PERSON,COMP,MISSING PERSON WITH COMPLICATIONS,2016
MISSINGCOMP,MISSING,INVESTIGATE PERSON,COMP,MISSING PERSON WITH COMPLICATIONS,2017
MISSINGCOMP,MISSING,INVESTIGATE PERSON,COMP,MISSING PERSON WITH COMPLICATIONS,2018
MISSINGPERSON,MISSING,INVESTIGATE PERSON,PERSON,MISSING PERSON REPORT,2015
MISSINGPERSON,MISSING,INVESTIGATE PERSON,PERSON,MISSING PERSON REPORT,2016
MISSINGPERSON,MISSING,INVESTIGATE PERSON,PERSON,MISSING PERSON REPORT,2017
MISSINGPERSON,MISSING,INVESTIGATE PERSON,PERSON,MISSING PERSON REPORT,2018
MVA===>>>,MVA,MOTOR VEHICLE ACCIDENT,===>>>,PICK A SUB-TYPE,2015
MVA===>>>,MVA,MOTOR VEHICLE ACCIDENT,===>>>,PICK A SUB-TYPE,2016
MVA===>>>,MVA,MOTOR VEHICLE ACCIDENT,===>>>,PICK A SUB-TYPE,2017
MVA===>>>,MVA,MOTOR VEHICLE ACCIDENT,===>>>,PICK A SUB-TYPE,2018
MVACODEA,MVA,MOTOR VEHICLE ACCIDENT,CODEA,FD VEHICLE ACCIDENT   (F) (P),2015
MVACODEA,MVA,MOTOR VEHICLE ACCIDENT,CODEA,FD VEHICLE ACCIDENT   (F) (P),2016
MVACODEA,MVA,MOTOR VEHICLE ACCIDENT,CODEA,FD VEHICLE ACCIDENT   (F) (P),2017
MVACODEA,MVA,MOTOR VEHICLE ACCIDENT,CODEA,FD VEHICLE ACCIDENT   (F) (P),2018
MVADD,MVA,MOTOR VEHICLE ACCIDENT,DD,WITH DRUNK DRIVER,2015
MVADD,MVA,MOTOR VEHICLE ACCIDENT,DD,WITH DRUNK DRIVER,2016
MVADD,MVA,MOTOR VEHICLE ACCIDENT,DD,WITH DRUNK DRIVER,2017
MVADD,MVA,MOTOR VEHICLE ACCIDENT,DD,WITH DRUNK DRIVER,2018
MVAEMS,MVA,MOTOR VEHICLE ACCIDENT,EMS,EMS VEHICLE INVOLVED   (E) (P),2015
MVAEMS,MVA,MOTOR VEHICLE ACCIDENT,EMS,EMS VEHICLE INVOLVED   (E) (P),2016
MVAEMS,MVA,MOTOR VEHICLE ACCIDENT,EMS,EMS VEHICLE INVOLVED   (E) (P),2017
MVAEMS,MVA,MOTOR VEHICLE ACCIDENT,EMS,EMS VEHICLE INVOLVED   (E) (P),2018
MVAEMSMVA,MVA,MOTOR VEHICLE ACCIDENT,EMSMVA,EMS VEHICLE INVOLVED   (E) (P),2015
MVAEMSMVA,MVA,MOTOR VEHICLE ACCIDENT,EMSMVA,EMS VEHICLE INVOLVED   (E) (P),2016
MVAEMSMVA,MVA,MOTOR VEHICLE ACCIDENT,EMSMVA,EMS VEHICLE INVOLVED   (E) (P),2017
MVAEMSMVA,MVA,MOTOR VEHICLE ACCIDENT,EMSMVA,EMS VEHICLE INVOLVED   (E) (P),2018
MVAHITRUN,MVA,MOTOR VEHICLE ACCIDENT,HITRUN,HIT AND RUN REPORT,2015
MVAHITRUN,MVA,MOTOR VEHICLE ACCIDENT,HITRUN,HIT AND RUN REPORT,2016
MVAHITRUN,MVA,MOTOR VEHICLE ACCIDENT,HITRUN,HIT AND RUN REPORT,2017
MVAHITRUN,MVA,MOTOR VEHICLE ACCIDENT,HITRUN,HIT AND RUN REPORT,2018
MVAINJ,MVA,MOTOR VEHICLE ACCIDENT,INJ,REPORTED INJURIES   (P) (E) (F),2015
MVAINJ,MVA,MOTOR VEHICLE ACCIDENT,INJ,REPORTED INJURIES   (P) (E) (F),2016
MVAINJ,MVA,MOTOR VEHICLE ACCIDENT,INJ,REPORTED INJURIES   (P) (E) (F),2017
MVAINJ,MVA,MOTOR VEHICLE ACCIDENT,INJ,REPORTED INJURIES   (P) (E) (F),2018
MVAMVAINJ,MVA,MOTOR VEHICLE ACCIDENT,MVAINJ,REPORTED INJURIES   (P) (E) (F),2015
MVAMVAINJ,MVA,MOTOR VEHICLE ACCIDENT,MVAINJ,REPORTED INJURIES   (P) (E) (F),2016
MVAMVAINJ,MVA,MOTOR VEHICLE ACCIDENT,MVAINJ,REPORTED INJURIES   (P) (E) (F),2017
MVAMVAINJ,MVA,MOTOR VEHICLE ACCIDENT,MVAINJ,REPORTED INJURIES   (P) (E) (F),2018
MVAMVAUNK,MVA,MOTOR VEHICLE ACCIDENT,MVAUNK,UNKNOWN IF INJURIES - ADVISE NEED FOR EMS   (P) (E) (F),2015
MVAMVAUNK,MVA,MOTOR VEHICLE ACCIDENT,MVAUNK,UNKNOWN IF INJURIES - ADVISE NEED FOR EMS   (P) (E) (F),2016
MVAMVAUNK,MVA,MOTOR VEHICLE ACCIDENT,MVAUNK,UNKNOWN IF INJURIES - ADVISE NEED FOR EMS   (P) (E) (F),2017
MVAMVAUNK,MVA,MOTOR VEHICLE ACCIDENT,MVAUNK,UNKNOWN IF INJURIES - ADVISE NEED FOR EMS   (P) (E) (F),2018
MVAMVPED1,MVA,MOTOR VEHICLE ACCIDENT,MVPED1,PEDESTRIAN STRUCK   (P) (E) (F),2015
MVAMVPED1,MVA,MOTOR VEHICLE ACCIDENT,MVPED1,PEDESTRIAN STRUCK   (P) (E) (F),2016
MVAMVPED1,MVA,MOTOR VEHICLE ACCIDENT,MVPED1,PEDESTRIAN STRUCK   (P) (E) (F),2017
MVAMVPED1,MVA,MOTOR VEHICLE ACCIDENT,MVPED1,PEDESTRIAN STRUCK   (P) (E) (F),2018
MVAMVPED2,MVA,MOTOR VEHICLE ACCIDENT,MVPED2,PEDESTRIAN STRUCK - CONSCIOUS/MOVING   (P) (E) (F),2015
MVAMVPED2,MVA,MOTOR VEHICLE ACCIDENT,MVPED2,PEDESTRIAN STRUCK - CONSCIOUS/MOVING   (P) (E) (F),2016
MVAMVPED2,MVA,MOTOR VEHICLE ACCIDENT,MVPED2,PEDESTRIAN STRUCK - CONSCIOUS/MOVING   (P) (E) (F),2017
MVAMVPED2,MVA,MOTOR VEHICLE ACCIDENT,MVPED2,PEDESTRIAN STRUCK - CONSCIOUS/MOVING   (P) (E) (F),2018
MVANOINJ,MVA,MOTOR VEHICLE ACCIDENT,NOINJ,NO INJURIES,2015
MVANOINJ,MVA,MOTOR VEHICLE ACCIDENT,NOINJ,NO INJURIES,2016
MVANOINJ,MVA,MOTOR VEHICLE ACCIDENT,NOINJ,NO INJURIES,2017
MVANOINJ,MVA,MOTOR VEHICLE ACCIDENT,NOINJ,NO INJURIES,2018
MVAPED1,MVA,MOTOR VEHICLE ACCIDENT,PED1,PEDESTRIAN STRUCK   (P) (E) (F),2015
MVAPED1,MVA,MOTOR VEHICLE ACCIDENT,PED1,PEDESTRIAN STRUCK   (P) (E) (F),2016
MVAPED1,MVA,MOTOR VEHICLE ACCIDENT,PED1,PEDESTRIAN STRUCK   (P) (E) (F),2017
MVAPED1,MVA,MOTOR VEHICLE ACCIDENT,PED1,PEDESTRIAN STRUCK   (P) (E) (F),2018
MVAPED2,MVA,MOTOR VEHICLE ACCIDENT,PED2,PEDESTRIAN STRUCK - CONSCIOUS/MOVING   (P) (E) (F),2015
MVAPED2,MVA,MOTOR VEHICLE ACCIDENT,PED2,PEDESTRIAN STRUCK - CONSCIOUS/MOVING   (P) (E) (F),2016
MVAPED2,MVA,MOTOR VEHICLE ACCIDENT,PED2,PEDESTRIAN STRUCK - CONSCIOUS/MOVING   (P) (E) (F),2017
MVAPED2,MVA,MOTOR VEHICLE ACCIDENT,PED2,PEDESTRIAN STRUCK - CONSCIOUS/MOVING   (P) (E) (F),2018
MVAPOLICE,MVA,MOTOR VEHICLE ACCIDENT,POLICE,BPD INVOVLED IN ACCIDENT,2015
MVAPOLICE,MVA,MOTOR VEHICLE ACCIDENT,POLICE,BPD INVOVLED IN ACCIDENT,2016
MVAPOLICE,MVA,MOTOR VEHICLE ACCIDENT,POLICE,BPD INVOVLED IN ACCIDENT,2017
MVAPOLICE,MVA,MOTOR VEHICLE ACCIDENT,POLICE,BPD INVOVLED IN ACCIDENT,2018
MVARPT,MVA,MOTOR VEHICLE ACCIDENT,RPT,REPORT,2015
MVARPT,MVA,MOTOR VEHICLE ACCIDENT,RPT,REPORT,2016
MVARPT,MVA,MOTOR VEHICLE ACCIDENT,RPT,REPORT,2017
MVARPT,MVA,MOTOR VEHICLE ACCIDENT,RPT,REPORT,2018
MVATRAPPED,MVA,MOTOR VEHICLE ACCIDENT,TRAPPED,ENTRAPMENT   (P) (E) (F),2015
MVATRAPPED,MVA,MOTOR VEHICLE ACCIDENT,TRAPPED,ENTRAPMENT   (P) (E) (F),2016
MVATRAPPED,MVA,MOTOR VEHICLE ACCIDENT,TRAPPED,ENTRAPMENT   (P) (E) (F),2017
MVATRAPPED,MVA,MOTOR VEHICLE ACCIDENT,TRAPPED,ENTRAPMENT   (P) (E) (F),2018
MVAUNK,MVA,MOTOR VEHICLE ACCIDENT,UNK,UNKNOWN IF INJURIES - ADVISE NEED FOR EMS   (P) (E) (F),2015
MVAUNK,MVA,MOTOR VEHICLE ACCIDENT,UNK,UNKNOWN IF INJURIES - ADVISE NEED FOR EMS   (P) (E) (F),2016
MVAUNK,MVA,MOTOR VEHICLE ACCIDENT,UNK,UNKNOWN IF INJURIES - ADVISE NEED FOR EMS   (P) (E) (F),2017
MVAUNK,MVA,MOTOR VEHICLE ACCIDENT,UNK,UNKNOWN IF INJURIES - ADVISE NEED FOR EMS   (P) (E) (F),2018
OTDEFAULT,OT,OFFICER IN TROUBLE  (P) (E),DEFAULT,NA,2015
OTDEFAULT,OT,OFFICER IN TROUBLE  (P) (E),DEFAULT,NA,2016
OTDEFAULT,OT,OFFICER IN TROUBLE  (P) (E),DEFAULT,NA,2017
OTDEFAULT,OT,OFFICER IN TROUBLE  (P) (E),DEFAULT,NA,2018
POISON===>>>,POISON,POISONING / OVERDOSE,===>>>,PICK A SUB-TYPE,2015
POISON===>>>,POISON,POISONING / OVERDOSE,===>>>,PICK A SUB-TYPE,2016
POISON===>>>,POISON,POISONING / OVERDOSE,===>>>,PICK A SUB-TYPE,2017
POISON===>>>,POISON,POISONING / OVERDOSE,===>>>,PICK A SUB-TYPE,2018
POISONINGEST,POISON,POISONING / OVERDOSE,INGEST,INGESTED POISON,2015
POISONINGEST,POISON,POISONING / OVERDOSE,INGEST,INGESTED POISON,2016
POISONINGEST,POISON,POISONING / OVERDOSE,INGEST,INGESTED POISON,2017
POISONINGEST,POISON,POISONING / OVERDOSE,INGEST,INGESTED POISON,2018
POISONOD1,POISON,POISONING / OVERDOSE,OD1,OVERDOSE,2015
POISONOD1,POISON,POISONING / OVERDOSE,OD1,OVERDOSE,2016
POISONOD1,POISON,POISONING / OVERDOSE,OD1,OVERDOSE,2017
POISONOD1,POISON,POISONING / OVERDOSE,OD1,OVERDOSE,2018
POISONOD2,POISON,POISONING / OVERDOSE,OD2,OVERDOSE,2015
POISONOD2,POISON,POISONING / OVERDOSE,OD2,OVERDOSE,2016
POISONOD2,POISON,POISONING / OVERDOSE,OD2,OVERDOSE,2017
POISONOD2,POISON,POISONING / OVERDOSE,OD2,OVERDOSE,2018
PRIORDEFAULT,PRIOR,PRIOR EVENT,DEFAULT,NA,2015
PRIORDEFAULT,PRIOR,PRIOR EVENT,DEFAULT,NA,2016
PRIORDEFAULT,PRIOR,PRIOR EVENT,DEFAULT,NA,2017
PRIORDEFAULT,PRIOR,PRIOR EVENT,DEFAULT,NA,2018
PROP===>>>,PROP,PROPERTY,===>>>,PICK A SUB TYPE,2015
PROP===>>>,PROP,PROPERTY,===>>>,PICK A SUB TYPE,2016
PROP===>>>,PROP,PROPERTY,===>>>,PICK A SUB TYPE,2017
PROP===>>>,PROP,PROPERTY,===>>>,PICK A SUB TYPE,2018
PROPDRPT,PROP,PROPERTY,DRPT,DAMAGE REPORT,2015
PROPDRPT,PROP,PROPERTY,DRPT,DAMAGE REPORT,2016
PROPDRPT,PROP,PROPERTY,DRPT,DAMAGE REPORT,2017
PROPDRPT,PROP,PROPERTY,DRPT,DAMAGE REPORT,2018
PROPFOUND,PROP,PROPERTY,FOUND,FOUND,2015
PROPFOUND,PROP,PROPERTY,FOUND,FOUND,2016
PROPFOUND,PROP,PROPERTY,FOUND,FOUND,2017
PROPFOUND,PROP,PROPERTY,FOUND,FOUND,2018
PROPLOST,PROP,PROPERTY,LOST,LOST,2015
PROPLOST,PROP,PROPERTY,LOST,LOST,2016
PROPLOST,PROP,PROPERTY,LOST,LOST,2017
PROPLOST,PROP,PROPERTY,LOST,LOST,2018
PROTESTDEFAULT,PROTEST,PROTESTERS GATHERING,DEFAULT,NA,2015
PROTESTDEFAULT,PROTEST,PROTESTERS GATHERING,DEFAULT,NA,2016
PROTESTDEFAULT,PROTEST,PROTESTERS GATHERING,DEFAULT,NA,2017
PROTESTDEFAULT,PROTEST,PROTESTERS GATHERING,DEFAULT,NA,2018
PRSCRMDEFAULT,PRSCRM,PERSON SCREAMING FOR HELP,DEFAULT,NA,2015
PRSCRMDEFAULT,PRSCRM,PERSON SCREAMING FOR HELP,DEFAULT,NA,2016
PRSCRMDEFAULT,PRSCRM,PERSON SCREAMING FOR HELP,DEFAULT,NA,2017
PRSCRMDEFAULT,PRSCRM,PERSON SCREAMING FOR HELP,DEFAULT,NA,2018
REQEPDEFAULT,REQEP,REQUEST EMS AND BPD RESPONSE,DEFAULT,NA,2015
REQEPDEFAULT,REQEP,REQUEST EMS AND BPD RESPONSE,DEFAULT,NA,2016
REQEPDEFAULT,REQEP,REQUEST EMS AND BPD RESPONSE,DEFAULT,NA,2017
REQEPDEFAULT,REQEP,REQUEST EMS AND BPD RESPONSE,DEFAULT,NA,2018
REQHDEFAULT,REQH,REQUEST BHA PD RESPONSE,DEFAULT,NA,2015
REQHDEFAULT,REQH,REQUEST BHA PD RESPONSE,DEFAULT,NA,2016
REQHDEFAULT,REQH,REQUEST BHA PD RESPONSE,DEFAULT,NA,2017
REQHDEFAULT,REQH,REQUEST BHA PD RESPONSE,DEFAULT,NA,2018
REQPDEFAULT,REQP,REQUEST BPD RESPONSE,DEFAULT,NA,2015
REQPDEFAULT,REQP,REQUEST BPD RESPONSE,DEFAULT,NA,2016
REQPDEFAULT,REQP,REQUEST BPD RESPONSE,DEFAULT,NA,2017
REQPDEFAULT,REQP,REQUEST BPD RESPONSE,DEFAULT,NA,2018
RESPCHOKE,RESP,DIFFICULTY BREATHING,CHOKE,CHOKING   (E) (F) (P),2015
RESPCHOKE,RESP,DIFFICULTY BREATHING,CHOKE,CHOKING   (E) (F) (P),2016
RESPCHOKE,RESP,DIFFICULTY BREATHING,CHOKE,CHOKING   (E) (F) (P),2017
RESPCHOKE,RESP,DIFFICULTY BREATHING,CHOKE,CHOKING   (E) (F) (P),2018
RIOTDEFAULT,RIOT,RIOT,DEFAULT,NA,2015
RIOTDEFAULT,RIOT,RIOT,DEFAULT,NA,2016
RIOTDEFAULT,RIOT,RIOT,DEFAULT,NA,2017
RIOTDEFAULT,RIOT,RIOT,DEFAULT,NA,2018
ROBBERY===>>>,ROBBERY,ROBBERY,===>>>,PICK A SUB-TYPE,2015
ROBBERY===>>>,ROBBERY,ROBBERY,===>>>,PICK A SUB-TYPE,2016
ROBBERY===>>>,ROBBERY,ROBBERY,===>>>,PICK A SUB-TYPE,2017
ROBBERY===>>>,ROBBERY,ROBBERY,===>>>,PICK A SUB-TYPE,2018
ROBBERYARM,ROBBERY,ROBBERY,ARM,ARMED ROBBERY IN PROGRESS,2015
ROBBERYARM,ROBBERY,ROBBERY,ARM,ARMED ROBBERY IN PROGRESS,2016
ROBBERYARM,ROBBERY,ROBBERY,ARM,ARMED ROBBERY IN PROGRESS,2017
ROBBERYARM,ROBBERY,ROBBERY,ARM,ARMED ROBBERY IN PROGRESS,2018
ROBBERYARMRPT,ROBBERY,ROBBERY,ARMRPT,ARMED ROBBERY REPORT,2015
ROBBERYARMRPT,ROBBERY,ROBBERY,ARMRPT,ARMED ROBBERY REPORT,2016
ROBBERYARMRPT,ROBBERY,ROBBERY,ARMRPT,ARMED ROBBERY REPORT,2017
ROBBERYARMRPT,ROBBERY,ROBBERY,ARMRPT,ARMED ROBBERY REPORT,2018
ROBBERYIP,ROBBERY,ROBBERY,IP,IN PROGRESS,2015
ROBBERYIP,ROBBERY,ROBBERY,IP,IN PROGRESS,2016
ROBBERYIP,ROBBERY,ROBBERY,IP,IN PROGRESS,2017
ROBBERYIP,ROBBERY,ROBBERY,IP,IN PROGRESS,2018
ROBBERYRPT,ROBBERY,ROBBERY,RPT,REPORT,2015
ROBBERYRPT,ROBBERY,ROBBERY,RPT,REPORT,2016
ROBBERYRPT,ROBBERY,ROBBERY,RPT,REPORT,2017
ROBBERYRPT,ROBBERY,ROBBERY,RPT,REPORT,2018
SDNDTHDEFAULT,SDNDTH,SUDDEN DEATH (P) INVEST/DECLAR (E),DEFAULT,NA,2015
SDNDTHDEFAULT,SDNDTH,SUDDEN DEATH (P) INVEST/DECLAR (E),DEFAULT,NA,2016
SDNDTHDEFAULT,SDNDTH,SUDDEN DEATH (P) INVEST/DECLAR (E),DEFAULT,NA,2017
SDNDTHDEFAULT,SDNDTH,SUDDEN DEATH (P) INVEST/DECLAR (E),DEFAULT,NA,2018
SECT35DEFAULT,SECT35,SECTION 35 (CIVIL COMMITMENT),DEFAULT,NA,2015
SECT35DEFAULT,SECT35,SECTION 35 (CIVIL COMMITMENT),DEFAULT,NA,2016
SECT35DEFAULT,SECT35,SECTION 35 (CIVIL COMMITMENT),DEFAULT,NA,2017
SECT35DEFAULT,SECT35,SECTION 35 (CIVIL COMMITMENT),DEFAULT,NA,2018
SEXASTIP,SEXAST,SEXUAL ASSAULT,IP,IN PROGRESS,2015
SEXASTIP,SEXAST,SEXUAL ASSAULT,IP,IN PROGRESS,2016
SEXASTIP,SEXAST,SEXUAL ASSAULT,IP,IN PROGRESS,2017
SEXASTIP,SEXAST,SEXUAL ASSAULT,IP,IN PROGRESS,2018
SEXASTRPT,SEXAST,SEXUAL ASSAULT,RPT,REPORT,2015
SEXASTRPT,SEXAST,SEXUAL ASSAULT,RPT,REPORT,2016
SEXASTRPT,SEXAST,SEXUAL ASSAULT,RPT,REPORT,2017
SEXASTRPT,SEXAST,SEXUAL ASSAULT,RPT,REPORT,2018
SILCAL===>>>,SILCAL,SILENT CALL,===>>>,PICK A SUBTYPE,2015
SILCAL===>>>,SILCAL,SILENT CALL,===>>>,PICK A SUBTYPE,2016
SILCAL===>>>,SILCAL,SILENT CALL,===>>>,PICK A SUBTYPE,2017
SILCAL===>>>,SILCAL,SILENT CALL,===>>>,PICK A SUBTYPE,2018
SILCALDEFAULT,SILCAL,SILENT CALL,DEFAULT,NA,2015
SILCALDEFAULT,SILCAL,SILENT CALL,DEFAULT,NA,2016
SILCALDEFAULT,SILCAL,SILENT CALL,DEFAULT,NA,2017
SILCALDEFAULT,SILCAL,SILENT CALL,DEFAULT,NA,2018
SILCELDEFAULT,SILCEL,SILENT CELL,DEFAULT,NA,2015
SILCELDEFAULT,SILCEL,SILENT CELL,DEFAULT,NA,2016
SILCELDEFAULT,SILCEL,SILENT CELL,DEFAULT,NA,2017
SILCELDEFAULT,SILCEL,SILENT CELL,DEFAULT,NA,2018
SILENT===>>>,SILENT,SILENT CALL,===>>>,PICK A SUBTYPE,2015
SILENT===>>>,SILENT,SILENT CALL,===>>>,PICK A SUBTYPE,2016
SILENT===>>>,SILENT,SILENT CALL,===>>>,PICK A SUBTYPE,2017
SILENT===>>>,SILENT,SILENT CALL,===>>>,PICK A SUBTYPE,2018
SILENTCELL,SILENT,SILENT CALL,CELL,FROM A CELL PHONE,2015
SILENTCELL,SILENT,SILENT CALL,CELL,FROM A CELL PHONE,2016
SILENTCELL,SILENT,SILENT CALL,CELL,FROM A CELL PHONE,2017
SILENTCELL,SILENT,SILENT CALL,CELL,FROM A CELL PHONE,2018
SILENTSILCAL,SILENT,SILENT CALL,SILCAL,FROM A RESIDENCE OR BUSINESS,2015
SILENTSILCAL,SILENT,SILENT CALL,SILCAL,FROM A RESIDENCE OR BUSINESS,2016
SILENTSILCAL,SILENT,SILENT CALL,SILCAL,FROM A RESIDENCE OR BUSINESS,2017
SILENTSILCAL,SILENT,SILENT CALL,SILCAL,FROM A RESIDENCE OR BUSINESS,2018
SNOWEMERGENCY,SNOW,SNOW EMERGENCY,EMERGENCY,EMERGENCY TRANSPORT,2015
SNOWEMERGENCY,SNOW,SNOW EMERGENCY,EMERGENCY,EMERGENCY TRANSPORT,2016
SNOWEMERGENCY,SNOW,SNOW EMERGENCY,EMERGENCY,EMERGENCY TRANSPORT,2017
SNOWEMERGENCY,SNOW,SNOW EMERGENCY,EMERGENCY,EMERGENCY TRANSPORT,2018
SNOWTRANSPORT,SNOW,SNOW EMERGENCY,TRANSPORT,TRANSPORT,2015
SNOWTRANSPORT,SNOW,SNOW EMERGENCY,TRANSPORT,TRANSPORT,2016
SNOWTRANSPORT,SNOW,SNOW EMERGENCY,TRANSPORT,TRANSPORT,2017
SNOWTRANSPORT,SNOW,SNOW EMERGENCY,TRANSPORT,TRANSPORT,2018
SPDEFAULT,SP,SUBJECT PURSUIT,DEFAULT,NA,2015
SPDEFAULT,SP,SUBJECT PURSUIT,DEFAULT,NA,2016
SPDEFAULT,SP,SUBJECT PURSUIT,DEFAULT,NA,2017
SPDEFAULT,SP,SUBJECT PURSUIT,DEFAULT,NA,2018
SSA===>>>,SSA,SHOT SPOTTER ACTIVATION,===>>>,PICK A SUBTYPE,2015
SSA===>>>,SSA,SHOT SPOTTER ACTIVATION,===>>>,PICK A SUBTYPE,2016
SSA===>>>,SSA,SHOT SPOTTER ACTIVATION,===>>>,PICK A SUBTYPE,2017
SSA===>>>,SSA,SHOT SPOTTER ACTIVATION,===>>>,PICK A SUBTYPE,2018
SSAFIRWKS,SSA,SHOT SPOTTER ACTIVATION,FIRWKS,FIREWORKS,2015
SSAFIRWKS,SSA,SHOT SPOTTER ACTIVATION,FIRWKS,FIREWORKS,2016
SSAFIRWKS,SSA,SHOT SPOTTER ACTIVATION,FIRWKS,FIREWORKS,2017
SSAFIRWKS,SSA,SHOT SPOTTER ACTIVATION,FIRWKS,FIREWORKS,2018
SSAMULTIPLE,SSA,SHOT SPOTTER ACTIVATION,MULTIPLE,MULTIPLE SHOTS FIRED,2015
SSAMULTIPLE,SSA,SHOT SPOTTER ACTIVATION,MULTIPLE,MULTIPLE SHOTS FIRED,2016
SSAMULTIPLE,SSA,SHOT SPOTTER ACTIVATION,MULTIPLE,MULTIPLE SHOTS FIRED,2017
SSAMULTIPLE,SSA,SHOT SPOTTER ACTIVATION,MULTIPLE,MULTIPLE SHOTS FIRED,2018
SSAOTHER,SSA,SHOT SPOTTER ACTIVATION,OTHER,OTHER,2015
SSAOTHER,SSA,SHOT SPOTTER ACTIVATION,OTHER,OTHER,2016
SSAOTHER,SSA,SHOT SPOTTER ACTIVATION,OTHER,OTHER,2017
SSAOTHER,SSA,SHOT SPOTTER ACTIVATION,OTHER,OTHER,2018
SSAPOSSIBLE,SSA,SHOT SPOTTER ACTIVATION,POSSIBLE,POSSIBLE SHOTS,2015
SSAPOSSIBLE,SSA,SHOT SPOTTER ACTIVATION,POSSIBLE,POSSIBLE SHOTS,2016
SSAPOSSIBLE,SSA,SHOT SPOTTER ACTIVATION,POSSIBLE,POSSIBLE SHOTS,2017
SSAPOSSIBLE,SSA,SHOT SPOTTER ACTIVATION,POSSIBLE,POSSIBLE SHOTS,2018
SSASHOTS,SSA,SHOT SPOTTER ACTIVATION,SHOTS,SHOTS,2015
SSASHOTS,SSA,SHOT SPOTTER ACTIVATION,SHOTS,SHOTS,2016
SSASHOTS,SSA,SHOT SPOTTER ACTIVATION,SHOTS,SHOTS,2017
SSASHOTS,SSA,SHOT SPOTTER ACTIVATION,SHOTS,SHOTS,2018
SSDEFAULT,SS,SUSPECT STOP,DEFAULT,NA,2015
SSDEFAULT,SS,SUSPECT STOP,DEFAULT,NA,2016
SSDEFAULT,SS,SUSPECT STOP,DEFAULT,NA,2017
SSDEFAULT,SS,SUSPECT STOP,DEFAULT,NA,2018
STABDEFAULT,STAB,PERSON STABBED   (P) (E),DEFAULT,NA,2015
STABDEFAULT,STAB,PERSON STABBED   (P) (E),DEFAULT,NA,2016
STABDEFAULT,STAB,PERSON STABBED   (P) (E),DEFAULT,NA,2017
STABDEFAULT,STAB,PERSON STABBED   (P) (E),DEFAULT,NA,2018
STALKDEFAULT,STALK,STALKING,DEFAULT,NA,2015
STALKDEFAULT,STALK,STALKING,DEFAULT,NA,2016
STALKDEFAULT,STALK,STALKING,DEFAULT,NA,2017
STALKDEFAULT,STALK,STALKING,DEFAULT,NA,2018
STREETDEFAULT,STREET,STREET CLOSURE NOTIFICATION,DEFAULT,NA,2015
STREETDEFAULT,STREET,STREET CLOSURE NOTIFICATION,DEFAULT,NA,2016
STREETDEFAULT,STREET,STREET CLOSURE NOTIFICATION,DEFAULT,NA,2017
STREETDEFAULT,STREET,STREET CLOSURE NOTIFICATION,DEFAULT,NA,2018
SUSOBJDEFAULT,SUSOBJ,SUSPICIOUS OBJECT REPORTED,DEFAULT,NA,2015
SUSOBJDEFAULT,SUSOBJ,SUSPICIOUS OBJECT REPORTED,DEFAULT,NA,2016
SUSOBJDEFAULT,SUSOBJ,SUSPICIOUS OBJECT REPORTED,DEFAULT,NA,2017
SUSOBJDEFAULT,SUSOBJ,SUSPICIOUS OBJECT REPORTED,DEFAULT,NA,2018
TEST===>>>,TEST,TEST CALL,===>>>,PICK A SUB-TYPE,2015
TEST===>>>,TEST,TEST CALL,===>>>,PICK A SUB-TYPE,2016
TEST===>>>,TEST,TEST CALL,===>>>,PICK A SUB-TYPE,2017
TEST===>>>,TEST,TEST CALL,===>>>,PICK A SUB-TYPE,2018
TESTALLDEFAULT,TESTALL,ALL AGENCY TEST,DEFAULT,NA,2015
TESTALLDEFAULT,TESTALL,ALL AGENCY TEST,DEFAULT,NA,2016
TESTALLDEFAULT,TESTALL,ALL AGENCY TEST,DEFAULT,NA,2017
TESTALLDEFAULT,TESTALL,ALL AGENCY TEST,DEFAULT,NA,2018
TESTBFDDEFAULT,TESTBFD,BFD TEST CALL,DEFAULT,NA,2015
TESTBFDDEFAULT,TESTBFD,BFD TEST CALL,DEFAULT,NA,2016
TESTBFDDEFAULT,TESTBFD,BFD TEST CALL,DEFAULT,NA,2017
TESTBFDDEFAULT,TESTBFD,BFD TEST CALL,DEFAULT,NA,2018
TESTBPD,TEST,TEST CALL,BPD,BPD TEST - NO DISPATCH,2015
TESTBPD,TEST,TEST CALL,BPD,BPD TEST - NO DISPATCH,2016
TESTBPD,TEST,TEST CALL,BPD,BPD TEST - NO DISPATCH,2017
TESTBPD,TEST,TEST CALL,BPD,BPD TEST - NO DISPATCH,2018
TESTBPDDEFAULT,TESTBPD,BPD TEST CALL,DEFAULT,NA,2015
TESTBPDDEFAULT,TESTBPD,BPD TEST CALL,DEFAULT,NA,2016
TESTBPDDEFAULT,TESTBPD,BPD TEST CALL,DEFAULT,NA,2017
TESTBPDDEFAULT,TESTBPD,BPD TEST CALL,DEFAULT,NA,2018
TESTDEFAULT,TEST,TEST CALL,DEFAULT,NA,2015
TESTDEFAULT,TEST,TEST CALL,DEFAULT,NA,2016
TESTDEFAULT,TEST,TEST CALL,DEFAULT,NA,2017
TESTDEFAULT,TEST,TEST CALL,DEFAULT,NA,2018
TMPHYDDEFAULT,TMPHYD,TAMPERING W/ FIRE HYDRANT,DEFAULT,NA,2015
TMPHYDDEFAULT,TMPHYD,TAMPERING W/ FIRE HYDRANT,DEFAULT,NA,2016
TMPHYDDEFAULT,TMPHYD,TAMPERING W/ FIRE HYDRANT,DEFAULT,NA,2017
TMPHYDDEFAULT,TMPHYD,TAMPERING W/ FIRE HYDRANT,DEFAULT,NA,2018
TPDEFAULT,TP,TRAFFIC PURSUIT,DEFAULT,NA,2015
TPDEFAULT,TP,TRAFFIC PURSUIT,DEFAULT,NA,2016
TPDEFAULT,TP,TRAFFIC PURSUIT,DEFAULT,NA,2017
TPDEFAULT,TP,TRAFFIC PURSUIT,DEFAULT,NA,2018
TRAIN===>>>,TRAIN,TRAINING,===>>>,PICK A SUB-TYPE,2015
TRAIN===>>>,TRAIN,TRAINING,===>>>,PICK A SUB-TYPE,2016
TRAIN===>>>,TRAIN,TRAINING,===>>>,PICK A SUB-TYPE,2017
TRAIN===>>>,TRAIN,TRAINING,===>>>,PICK A SUB-TYPE,2018
TRAINALL,TRAIN,TRAINING,ALL,ALL AGENCY TRAINING,2015
TRAINALL,TRAIN,TRAINING,ALL,ALL AGENCY TRAINING,2016
TRAINALL,TRAIN,TRAINING,ALL,ALL AGENCY TRAINING,2017
TRAINALL,TRAIN,TRAINING,ALL,ALL AGENCY TRAINING,2018
TRAINLOGANDRILL,TRAIN,TRAINING,LOGANDRILL,LOGAN DRILL,2015
TRAINLOGANDRILL,TRAIN,TRAINING,LOGANDRILL,LOGAN DRILL,2016
TRAINLOGANDRILL,TRAIN,TRAINING,LOGANDRILL,LOGAN DRILL,2017
TRAINLOGANDRILL,TRAIN,TRAINING,LOGANDRILL,LOGAN DRILL,2018
TRASH===>>>,TRASH,TRASH,===>>>,PICK A SUBTYPE,2015
TRASH===>>>,TRASH,TRASH,===>>>,PICK A SUBTYPE,2016
TRASH===>>>,TRASH,TRASH,===>>>,PICK A SUBTYPE,2017
TRASH===>>>,TRASH,TRASH,===>>>,PICK A SUBTYPE,2018
TRASHDUMP,TRASH,TRASH,DUMP,ILLEGAL DUMPING,2015
TRASHDUMP,TRASH,TRASH,DUMP,ILLEGAL DUMPING,2016
TRASHDUMP,TRASH,TRASH,DUMP,ILLEGAL DUMPING,2017
TRASHDUMP,TRASH,TRASH,DUMP,ILLEGAL DUMPING,2018
TRASHRUMAGE,TRASH,TRASH,RUMAGE,RUMMAGE,2015
TRASHRUMAGE,TRASH,TRASH,RUMAGE,RUMMAGE,2016
TRASHRUMAGE,TRASH,TRASH,RUMAGE,RUMMAGE,2017
TRASHRUMAGE,TRASH,TRASH,RUMAGE,RUMMAGE,2018
TRAUMADEFAULT,TRAUMA,TRAUMA   (E) (F) (P),DEFAULT,NA,2015
TRAUMADEFAULT,TRAUMA,TRAUMA   (E) (F) (P),DEFAULT,NA,2016
TRAUMADEFAULT,TRAUMA,TRAUMA   (E) (F) (P),DEFAULT,NA,2017
TRAUMADEFAULT,TRAUMA,TRAUMA   (E) (F) (P),DEFAULT,NA,2018
TSDEFAULT,TS,TRAFFIC STOP,DEFAULT,NA,2015
TSDEFAULT,TS,TRAFFIC STOP,DEFAULT,NA,2016
TSDEFAULT,TS,TRAFFIC STOP,DEFAULT,NA,2017
TSDEFAULT,TS,TRAFFIC STOP,DEFAULT,NA,2018
UNCONSDEFAULT,UNCONS,UNCONSCIOUS PERSON   (E) (F) (P),DEFAULT,NA,2015
UNCONSDEFAULT,UNCONS,UNCONSCIOUS PERSON   (E) (F) (P),DEFAULT,NA,2016
UNCONSDEFAULT,UNCONS,UNCONSCIOUS PERSON   (E) (F) (P),DEFAULT,NA,2017
UNCONSDEFAULT,UNCONS,UNCONSCIOUS PERSON   (E) (F) (P),DEFAULT,NA,2018
UNKDEFAULT,UNK,UNKNOWN PROBLEM,DEFAULT,NA,2015
UNKDEFAULT,UNK,UNKNOWN PROBLEM,DEFAULT,NA,2016
UNKDEFAULT,UNK,UNKNOWN PROBLEM,DEFAULT,NA,2017
UNKDEFAULT,UNK,UNKNOWN PROBLEM,DEFAULT,NA,2018
UNKEMSDEFAULT,UNKEMS,UNABLE TO DETERMINE IF CONS/MOVING   (E) (F) (P),DEFAULT,NA,2015
UNKEMSDEFAULT,UNKEMS,UNABLE TO DETERMINE IF CONS/MOVING   (E) (F) (P),DEFAULT,NA,2016
UNKEMSDEFAULT,UNKEMS,UNABLE TO DETERMINE IF CONS/MOVING   (E) (F) (P),DEFAULT,NA,2017
UNKEMSDEFAULT,UNKEMS,UNABLE TO DETERMINE IF CONS/MOVING   (E) (F) (P),DEFAULT,NA,2018
VANDDEFAULT,VAND,VANDALISM,DEFAULT,NA,2015
VANDDEFAULT,VAND,VANDALISM,DEFAULT,NA,2016
VANDDEFAULT,VAND,VANDALISM,DEFAULT,NA,2017
VANDDEFAULT,VAND,VANDALISM,DEFAULT,NA,2018
VANDSTNING,VAND,VANDALISM,STNING,STONING MOTOR VEHICLE,2015
VANDSTNING,VAND,VANDALISM,STNING,STONING MOTOR VEHICLE,2016
VANDSTNING,VAND,VANDALISM,STNING,STONING MOTOR VEHICLE,2017
VANDSTNING,VAND,VANDALISM,STNING,STONING MOTOR VEHICLE,2018
